{"type":"FeatureCollection","features":[{"type":"Feature","properties":{},"geometry":{"type":"Polygon","coordinates":[[[-81.335,24.65],[-81.365,24.63],[-81.422,24.733],[-81.322,24.685],[-81.335,24.65]]]}},{"type":"Feature","properties":{},"geometry":{"type":"Polygon","coordinates":[[[-80.829,24.804],[-80.799,24.846],[-80.787,24.821],[-80.829,24.804]]]}},{"type":"Feature","properties":{},"geometry":{"type":"Polygon","coordinates":[[[-80.638,24.903],[-80.665,24.898],[-80.626,24.941],[-80.638,24.903]]]}},{"type":"Feature","properties":{},"geometry":{"type":"Polygon","coordinates":[[[-61.801,49.094],[-62.22,49.079],[-63.042,49.225],[-63.566,49.399],[-63.777,49.602],[-64.44,49.828],[-64.485,49.887],[-64.131,49.942],[-63.292,49.817],[-62.859,49.705],[-61.817,49.284],[-61.696,49.139],[-61.801,49.094]]]}},{"type":"Feature","properties":{},"geometry":{"type":"Polygon","coordinates":[[[-61.105,45.945],[-60.865,45.983],[-61.038,45.882],[-60.971,45.856],[-61.092,45.748],[-61.059,45.703],[-60.738,45.751],[-60.472,45.947],[-60.733,45.957],[-60.573,46.061],[-60.586,46.117],[-60.505,46.204],[-60.298,46.311],[-60.226,46.196],[-59.865,46.16],[-59.849,46.113],[-59.934,46.019],[-59.828,45.965],[-60.386,45.655],[-60.673,45.591],[-61.284,45.574],[-61.45,45.716],[-61.495,45.941],[-61.409,46.17],[-61.241,46.303],[-60.87,46.797],[-60.617,46.976],[-60.489,47.01],[-60.408,47.004],[-60.425,46.923],[-60.332,46.768],[-60.482,46.414],[-60.495,46.27],[-60.577,46.172],[-61.105,45.945]]]}},{"type":"Feature","properties":{},"geometry":{"type":"Polygon","coordinates":[[[-171.463,63.64],[-170.875,63.594],[-170.43,63.699],[-170.122,63.618],[-170.017,63.492],[-169.624,63.431],[-169.555,63.373],[-168.716,63.311],[-168.761,63.214],[-168.852,63.171],[-169.365,63.171],[-169.676,62.956],[-169.819,63.122],[-170.19,63.196],[-170.273,63.284],[-170.527,63.379],[-170.954,63.453],[-171.519,63.332],[-171.791,63.425],[-171.818,63.53],[-171.746,63.703],[-171.646,63.727],[-171.463,63.64]]]}},{"type":"Feature","properties":{},"geometry":{"type":"Polygon","coordinates":[[[-166.135,60.384],[-166.044,60.334],[-165.73,60.314],[-165.689,60.224],[-165.712,60.069],[-165.631,60.028],[-165.592,59.913],[-166.1,59.85],[-166.107,59.775],[-166.149,59.764],[-167.139,60.009],[-167.436,60.207],[-166.836,60.217],[-166.784,60.296],[-166.476,60.383],[-166.135,60.384]]]}},{"type":"Feature","properties":{},"geometry":{"type":"Polygon","coordinates":[[[-163.476,54.981],[-163.337,54.783],[-163.089,54.686],[-163.358,54.736],[-163.583,54.626],[-164.171,54.603],[-164.404,54.448],[-164.591,54.404],[-164.823,54.419],[-164.904,54.545],[-164.888,54.608],[-164.706,54.692],[-164.479,54.907],[-164.274,54.9],[-163.807,55.049],[-163.607,55.051],[-163.476,54.981]]]}},{"type":"Feature","properties":{},"geometry":{"type":"Polygon","coordinates":[[[-77.261,18.457],[-76.908,18.39],[-76.701,18.257],[-76.35,18.152],[-76.211,17.914],[-76.525,17.866],[-76.853,17.974],[-76.944,17.849],[-77.119,17.88],[-77.205,17.715],[-77.361,17.834],[-77.768,17.877],[-78.044,18.174],[-78.294,18.218],[-78.34,18.287],[-78.217,18.448],[-77.978,18.468],[-77.873,18.522],[-77.261,18.457]]]}},{"type":"Feature","properties":{},"geometry":{"type":"Polygon","coordinates":[[[-66.129,18.445],[-65.879,18.444],[-65.629,18.381],[-65.621,18.242],[-65.971,17.974],[-66.245,17.947],[-66.772,17.987],[-66.9,17.948],[-67.197,17.994],[-67.172,18.224],[-67.264,18.365],[-67.159,18.499],[-66.129,18.445]]]}},{"type":"Feature","properties":{},"geometry":{"type":"Polygon","coordinates":[[[-152.898,57.824],[-152.891,57.769],[-152.616,57.849],[-152.429,57.826],[-152.483,57.703],[-152.216,57.577],[-152.412,57.455],[-152.941,57.498],[-152.997,57.469],[-152.781,57.453],[-152.679,57.345],[-152.879,57.321],[-153.052,57.238],[-153.274,57.226],[-153.733,57.052],[-153.631,56.984],[-153.757,56.858],[-153.973,56.774],[-154.07,56.805],[-153.793,56.99],[-153.999,57.05],[-154.084,57.02],[-154.025,57.108],[-154.244,57.143],[-154.377,57.107],[-154.239,57.087],[-154.184,57.005],[-154.261,56.912],[-154.339,56.921],[-154.499,57.037],[-154.569,57.206],[-154.706,57.335],[-154.673,57.446],[-154.535,57.559],[-154.116,57.651],[-154.03,57.631],[-154.008,57.556],[-153.805,57.358],[-153.688,57.305],[-153.798,57.443],[-153.838,57.636],[-153.69,57.641],[-153.906,57.791],[-153.842,57.863],[-153.696,57.871],[-153.488,57.731],[-153.39,57.798],[-153.217,57.796],[-153.169,57.911],[-153.226,57.958],[-153.16,57.972],[-152.85,57.897],[-152.898,57.824]]]}},{"type":"Feature","properties":{},"geometry":{"type":"Polygon","coordinates":[[[-152.417,58.36],[-152.343,58.412],[-152.125,58.374],[-152.079,58.312],[-151.998,58.314],[-151.983,58.244],[-152.109,58.161],[-152.252,58.251],[-152.334,58.208],[-152.305,58.154],[-152.538,58.101],[-152.571,58.168],[-152.683,58.063],[-152.928,57.994],[-153.381,58.087],[-152.976,58.297],[-152.772,58.279],[-152.769,58.346],[-152.844,58.396],[-152.675,58.451],[-152.417,58.36]]]}},{"type":"Feature","properties":{},"geometry":{"type":"Polygon","coordinates":[[[-130.979,55.489],[-131.083,55.267],[-131.188,55.206],[-131.421,55.276],[-131.448,55.409],[-131.641,55.299],[-131.762,55.166],[-131.811,55.223],[-131.846,55.416],[-131.648,55.586],[-131.625,55.832],[-131.269,55.955],[-130.998,55.728],[-130.979,55.489]]]}},{"type":"Feature","properties":{},"geometry":{"type":"Polygon","coordinates":[[[-133.566,56.339],[-133.203,56.32],[-133.082,56.194],[-133.101,56.1],[-132.758,55.995],[-132.598,55.895],[-132.43,55.687],[-132.173,55.481],[-132.511,55.594],[-132.631,55.473],[-132.418,55.483],[-132.16,55.323],[-132.215,55.237],[-131.976,55.209],[-131.981,54.805],[-132.022,54.726],[-132.189,54.735],[-132.341,54.907],[-132.549,54.953],[-132.665,55.147],[-132.704,55.03],[-132.782,55.048],[-133.119,55.328],[-132.971,55.376],[-133.082,55.504],[-133.033,55.59],[-133.298,55.607],[-133.369,55.689],[-133.553,55.691],[-133.68,55.785],[-133.584,55.837],[-133.412,55.798],[-133.242,55.921],[-133.289,56.019],[-133.371,56.036],[-133.684,55.943],[-133.743,55.965],[-133.755,55.999],[-133.531,56.146],[-133.594,56.216],[-133.566,56.339]]]}},{"type":"Feature","properties":{},"geometry":{"type":"Polygon","coordinates":[[[-133.366,57.004],[-133.071,56.974],[-132.954,56.88],[-132.959,56.677],[-133.004,56.624],[-133.329,56.83],[-133.157,56.611],[-133.181,56.474],[-133.603,56.464],[-133.649,56.517],[-133.681,56.798],[-133.979,57.01],[-133.866,57.069],[-133.366,57.004]]]}},{"type":"Feature","properties":{},"geometry":{"type":"Polygon","coordinates":[[[-134.97,57.351],[-134.823,57.157],[-134.621,56.718],[-134.611,56.603],[-134.657,56.523],[-134.63,56.302],[-134.682,56.216],[-134.806,56.281],[-134.981,56.519],[-134.967,56.596],[-134.875,56.67],[-135.018,56.66],[-135.159,56.725],[-135.147,56.802],[-135.331,56.822],[-135.315,56.932],[-135.2,57.027],[-135.341,57.082],[-135.375,57.188],[-135.455,57.249],[-135.502,57.244],[-135.662,57.034],[-135.812,57.01],[-135.768,57.1],[-135.823,57.28],[-135.625,57.354],[-135.449,57.534],[-135.346,57.533],[-134.97,57.351]]]}},{"type":"Feature","properties":{},"geometry":{"type":"Polygon","coordinates":[[[-134.68,58.162],[-134.24,58.144],[-133.966,57.874],[-133.823,57.629],[-133.925,57.671],[-134.213,58.038],[-134.292,58.045],[-134.267,57.885],[-133.937,57.582],[-133.921,57.492],[-133.974,57.451],[-133.909,57.369],[-134.1,57.3],[-134.26,57.147],[-134.435,57.057],[-134.555,57.058],[-134.613,57.138],[-134.487,57.482],[-134.66,57.638],[-134.781,58.078],[-134.933,58.329],[-134.837,58.32],[-134.68,58.162]]]}},{"type":"Feature","properties":{},"geometry":{"type":"Polygon","coordinates":[[[-135.73,58.244],[-135.587,58.147],[-135.615,58.057],[-135.693,58.039],[-135.613,57.992],[-135.375,58.122],[-134.955,58.015],[-134.928,57.953],[-134.971,57.817],[-135.231,57.816],[-135.338,57.769],[-134.979,57.724],[-134.873,57.589],[-134.931,57.481],[-135.564,57.666],[-135.609,57.651],[-135.618,57.48],[-135.692,57.42],[-135.911,57.447],[-136.077,57.675],[-136.569,57.972],[-136.512,58.096],[-136.37,58.143],[-136.322,58.219],[-136.144,58.098],[-136.094,58.198],[-135.787,58.269],[-135.73,58.244]]]}},{"type":"Feature","properties":{},"geometry":{"type":"Polygon","coordinates":[[[-128.552,52.94],[-128.51,52.519],[-128.679,52.29],[-128.731,52.357],[-128.766,52.598],[-128.746,52.763],[-128.831,52.679],[-128.9,52.674],[-129.085,52.822],[-129.178,53.018],[-129.033,53.28],[-128.97,53.274],[-128.633,53.113],[-128.552,52.94]]]}},{"type":"Feature","properties":{},"geometry":{"type":"Polygon","coordinates":[[[-132.656,54.127],[-132.564,54.069],[-132.303,54.099],[-132.166,53.955],[-132.175,53.847],[-132.565,53.688],[-132.535,53.652],[-132.187,53.685],[-132.114,53.86],[-132.134,54.034],[-131.941,54.042],[-131.696,54.143],[-131.685,54.023],[-131.889,53.714],[-131.928,53.379],[-132.011,53.265],[-132.52,53.194],[-132.748,53.31],[-132.693,53.368],[-132.425,53.337],[-132.845,53.508],[-133.052,53.778],[-133.098,54.006],[-133.064,54.144],[-132.656,54.127]]]}},{"type":"Feature","properties":{},"geometry":{"type":"Polygon","coordinates":[[[-131.754,53.196],[-131.652,53.103],[-131.635,52.922],[-131.972,52.88],[-131.727,52.756],[-131.455,52.702],[-131.591,52.578],[-131.43,52.422],[-131.274,52.426],[-131.327,52.318],[-131.143,52.291],[-131.116,52.219],[-131.222,52.154],[-131.422,52.238],[-131.562,52.4],[-132.165,52.783],[-132.26,52.907],[-132.145,52.957],[-132.144,52.999],[-132.469,53.072],[-132.547,53.138],[-132.154,53.16],[-131.893,53.231],[-131.754,53.196]]]}},{"type":"Feature","properties":{},"geometry":{"type":"Polygon","coordinates":[[[-63.811,46.469],[-63.737,46.481],[-63.681,46.562],[-63.129,46.422],[-62.164,46.487],[-62.041,46.446],[-62.526,46.203],[-62.543,46.029],[-62.478,46],[-62.805,45.973],[-62.878,46.001],[-62.904,46.068],[-62.995,46.058],[-62.895,46.124],[-62.953,46.195],[-63.056,46.224],[-62.995,46.292],[-63.271,46.2],[-63.153,46.188],[-63.213,46.16],[-63.569,46.209],[-63.732,46.289],[-63.801,46.367],[-63.763,46.37],[-64.111,46.425],[-64.136,46.6],[-64.388,46.641],[-64.403,46.692],[-64.223,46.901],[-63.994,47.062],[-63.981,46.913],[-64.088,46.775],[-63.903,46.639],[-63.864,46.572],[-63.906,46.509],[-63.811,46.469]]]}},{"type":"Feature","properties":{},"geometry":{"type":"Polygon","coordinates":[[[-72.51,40.986],[-72.581,40.921],[-72.184,41.047],[-72.102,41.015],[-71.903,41.061],[-73.194,40.654],[-73.9,40.571],[-73.801,40.622],[-73.823,40.656],[-74.015,40.581],[-74.032,40.639],[-73.879,40.792],[-73.695,40.87],[-73.652,40.838],[-73.574,40.92],[-72.625,40.992],[-72.274,41.153],[-72.51,40.986]]]}},{"type":"Feature","properties":{},"geometry":{"type":"Polygon","coordinates":[[[-81.837,23.163],[-81.575,23.117],[-81.262,23.157],[-81.145,23.055],[-80.65,23.103],[-80.365,22.943],[-79.82,22.887],[-79.851,22.827],[-79.677,22.743],[-79.549,22.578],[-79.276,22.408],[-78.686,22.367],[-78.143,22.109],[-77.865,21.901],[-77.637,21.797],[-77.497,21.788],[-77.573,21.868],[-77.497,21.872],[-77.144,21.644],[-77.181,21.598],[-77.366,21.613],[-77.253,21.483],[-77.099,21.589],[-76.836,21.4],[-76.867,21.33],[-76.726,21.359],[-76.647,21.285],[-76.259,21.227],[-76.074,21.133],[-75.723,21.111],[-75.596,20.995],[-75.663,20.898],[-75.597,20.838],[-75.74,20.812],[-75.725,20.715],[-75.213,20.714],[-74.883,20.651],[-74.513,20.385],[-74.167,20.292],[-74.154,20.169],[-74.253,20.08],[-74.635,20.058],[-75.116,19.901],[-75.152,20.008],[-75.29,19.893],[-75.552,19.891],[-75.765,19.96],[-76.158,19.99],[-77.715,19.855],[-77.554,20.082],[-77.104,20.408],[-77.108,20.492],[-77.23,20.644],[-77.997,20.715],[-78.116,20.762],[-78.491,21.054],[-78.577,21.414],[-78.728,21.593],[-78.823,21.619],[-79.189,21.553],[-79.357,21.585],[-80.231,21.872],[-80.485,22.123],[-80.485,22.087],[-81.036,22.074],[-81.185,22.268],[-81.222,22.143],[-81.284,22.109],[-81.355,22.104],[-81.441,22.184],[-81.849,22.214],[-82.078,22.388],[-81.71,22.497],[-81.703,22.592],[-81.839,22.672],[-82.738,22.689],[-83.38,22.223],[-83.901,22.17],[-84.031,21.943],[-84.503,21.776],[-84.501,21.93],[-84.838,21.828],[-84.887,21.857],[-84.533,22.031],[-84.326,22.074],[-84.383,22.256],[-84.361,22.379],[-84.045,22.666],[-83.258,22.968],[-82.666,23.044],[-82.101,23.19],[-81.837,23.163]]]}},{"type":"Feature","properties":{},"geometry":{"type":"Polygon","coordinates":[[[-52.731,69.945],[-52.045,69.807],[-51.983,69.743],[-51.982,69.664],[-51.9,69.605],[-52.113,69.489],[-52.77,69.364],[-53.754,69.26],[-54.183,69.404],[-53.658,69.465],[-53.825,69.54],[-54.734,69.611],[-54.919,69.714],[-54.788,69.95],[-54.323,69.942],[-54.774,70.053],[-54.831,70.133],[-54.706,70.256],[-54.372,70.317],[-53.297,70.205],[-52.731,69.945]]]}},{"type":"Feature","properties":{},"geometry":{"type":"Polygon","coordinates":[[[-127.197,50.64],[-126.701,50.516],[-125.482,50.317],[-124.935,49.732],[-124.831,49.53],[-124.643,49.429],[-123.996,49.224],[-123.82,49.083],[-123.497,48.582],[-123.415,48.698],[-123.284,48.455],[-123.311,48.411],[-123.446,48.427],[-123.573,48.323],[-124.115,48.436],[-125.017,48.711],[-125.14,48.803],[-124.85,49.028],[-124.813,49.213],[-124.904,49.031],[-125.543,48.953],[-125.829,49.092],[-125.644,49.186],[-125.835,49.277],[-125.952,49.248],[-125.984,49.288],[-125.938,49.38],[-126.244,49.443],[-126.28,49.392],[-126.419,49.449],[-126.549,49.419],[-126.557,49.579],[-126.134,49.672],[-126.348,49.661],[-126.525,49.72],[-126.683,49.876],[-126.903,49.944],[-126.977,49.883],[-127.114,49.88],[-127.196,49.949],[-127.192,50.1],[-127.25,50.138],[-127.349,50.052],[-127.467,50.163],[-127.864,50.128],[-127.839,50.293],[-127.947,50.326],[-127.906,50.445],[-127.641,50.479],[-127.487,50.405],[-127.529,50.537],[-127.466,50.583],[-127.751,50.607],[-127.731,50.536],[-128.058,50.498],[-128.35,50.697],[-128.242,50.828],[-127.918,50.861],[-127.197,50.64]]]}},{"type":"Feature","properties":{},"geometry":{"type":"Polygon","coordinates":[[[-71.954,19.722],[-71.835,19.697],[-71.735,19.735],[-71.667,19.849],[-71.558,19.895],[-71.236,19.848],[-70.954,19.914],[-70.636,19.776],[-70.436,19.771],[-70.194,19.638],[-69.957,19.672],[-69.823,19.367],[-69.739,19.299],[-69.325,19.328],[-69.232,19.272],[-69.323,19.201],[-69.606,19.206],[-69.624,19.118],[-68.901,18.988],[-68.685,18.905],[-68.381,18.671],[-68.339,18.612],[-68.359,18.538],[-68.659,18.222],[-68.721,18.218],[-68.935,18.408],[-69.275,18.44],[-69.771,18.444],[-70.018,18.374],[-70.183,18.252],[-70.48,18.217],[-70.645,18.336],[-71.028,18.273],[-71.07,18.25],[-71.106,18.07],[-71.439,17.636],[-71.632,17.774],[-71.712,18.005],[-72.06,18.229],[-72.504,18.22],[-72.877,18.152],[-73.515,18.245],[-73.747,18.19],[-73.885,18.042],[-74.085,18.215],[-74.46,18.393],[-74.478,18.45],[-74.387,18.625],[-74.228,18.663],[-73.592,18.522],[-72.789,18.435],[-72.618,18.551],[-72.376,18.574],[-72.348,18.675],[-72.811,19.072],[-72.741,19.131],[-72.768,19.241],[-72.703,19.441],[-73.053,19.611],[-73.396,19.659],[-73.438,19.722],[-73.401,19.807],[-73.315,19.855],[-72.877,19.928],[-72.637,19.901],[-72.22,19.745],[-71.954,19.722]]]}},{"type":"Feature","properties":{},"geometry":{"type":"Polygon","coordinates":[[[-179.799,68.94],[-179.471,68.912],[-179.279,68.825],[-178.874,68.754],[-178.539,68.586],[-178.751,68.66],[-178.693,68.546],[-178.097,68.425],[-178.019,68.323],[-178.056,68.265],[-177.797,68.338],[-178.373,68.566],[-177.527,68.294],[-177.639,68.241],[-177.589,68.224],[-177.297,68.223],[-175.345,67.678],[-175.233,67.447],[-175.375,67.357],[-175.155,67.365],[-175.003,67.438],[-174.85,67.349],[-174.938,67.093],[-174.784,66.917],[-174.771,66.784],[-174.87,66.725],[-174.925,66.623],[-174.675,66.603],[-174.504,66.538],[-174.394,66.344],[-174.085,66.473],[-174.018,66.383],[-174.065,66.23],[-173.774,66.435],[-173.921,66.522],[-174.196,66.581],[-174.232,66.632],[-174.061,66.69],[-174.006,66.779],[-174.086,66.943],[-174.342,67.04],[-174.554,67.063],[-173.68,67.145],[-173.158,67.069],[-173.324,66.955],[-173.347,66.851],[-173.259,66.84],[-173.175,66.865],[-173.228,66.969],[-173.193,66.994],[-172.963,66.942],[-172.52,66.952],[-173.008,67.065],[-171.796,66.932],[-171.36,66.677],[-170.473,66.32],[-170.604,66.249],[-170.301,66.294],[-170.192,66.201],[-170.244,66.169],[-169.778,66.143],[-169.729,66.058],[-169.832,65.999],[-170.159,66.008],[-170.541,65.865],[-170.561,65.656],[-170.666,65.622],[-171.451,65.794],[-171.054,65.55],[-171.17,65.502],[-171.466,65.533],[-171.907,65.496],[-171.957,65.542],[-172.282,65.582],[-172.436,65.67],[-172.783,65.681],[-172.354,65.496],[-172.418,65.45],[-172.233,65.456],[-172.212,65.425],[-172.309,65.276],[-172.662,65.249],[-172.286,65.206],[-172.213,65.048],[-172.593,64.908],[-173.066,64.847],[-173.086,64.817],[-172.801,64.791],[-172.924,64.705],[-172.901,64.629],[-172.487,64.544],[-172.379,64.432],[-172.739,64.412],[-172.792,64.499],[-172.903,64.526],[-172.949,64.507],[-172.916,64.369],[-173.009,64.297],[-173.157,64.28],[-173.376,64.355],[-173.376,64.41],[-173.309,64.443],[-173.327,64.54],[-173.604,64.365],[-173.73,64.365],[-174.571,64.718],[-175.036,64.814],[-175.442,64.817],[-175.854,65.011],[-175.856,65.233],[-175.923,65.352],[-176.093,65.471],[-177.056,65.614],[-177.489,65.504],[-178.412,65.496],[-178.526,65.593],[-178.502,65.74],[-178.791,65.865],[-178.939,66.033],[-178.747,66.014],[-178.694,66.124],[-178.587,66.198],[-178.527,66.402],[-178.868,66.187],[-179.105,66.232],[-179.143,66.375],[-179.193,66.313],[-179.34,66.288],[-179.327,66.163],[-179.616,66.128],[-179.683,66.184],[-179.784,66.018],[-179.79,65.901],[-179.728,65.804],[-179.366,65.639],[-179.352,65.517],[-179.705,65.187],[-180,65.067],[-180,68.983],[-179.799,68.94]]]}},{"type":"Feature","properties":{},"geometry":{"type":"Polygon","coordinates":[[[-64.845,18.33],[-65.024,18.368],[-64.889,18.374],[-64.845,18.33]]]}},{"type":"Feature","properties":{},"geometry":{"type":"Polygon","coordinates":[[[-120.307,34.025],[-120.442,34.033],[-120.368,34.073],[-120.307,34.025]]]}},{"type":"Feature","properties":{},"geometry":{"type":"Polygon","coordinates":[[[-119.438,33.217],[-119.544,33.225],[-119.575,33.278],[-119.479,33.275],[-119.438,33.217]]]}},{"type":"Feature","properties":{},"geometry":{"type":"Polygon","coordinates":[[[-69.899,12.452],[-69.942,12.439],[-70.066,12.547],[-70.051,12.597],[-69.973,12.568],[-69.899,12.452]]]}},{"type":"Feature","properties":{},"geometry":{"type":"Polygon","coordinates":[[[-65.213,10.906],[-65.266,10.884],[-65.415,10.938],[-65.302,10.974],[-65.213,10.906]]]}},{"type":"Feature","properties":{},"geometry":{"type":"Polygon","coordinates":[[[-72.805,18.778],[-72.822,18.707],[-73.078,18.791],[-73.285,18.897],[-73.276,18.954],[-73.069,18.932],[-72.805,18.778]]]}},{"type":"Feature","properties":{},"geometry":{"type":"Polygon","coordinates":[[[-59.788,43.94],[-59.922,43.904],[-60.114,43.939],[-59.866,43.947],[-59.727,44.003],[-59.788,43.94]]]}},{"type":"Feature","properties":{},"geometry":{"type":"Polygon","coordinates":[[[-97.014,27.902],[-96.979,28.014],[-96.857,28.133],[-96.84,28.089],[-97.014,27.902]]]}},{"type":"Feature","properties":{},"geometry":{"type":"Polygon","coordinates":[[[-88.889,29.713],[-88.944,29.66],[-88.873,29.753],[-88.889,29.713]]]}},{"type":"Feature","properties":{},"geometry":{"type":"Polygon","coordinates":[[[-88.558,30.216],[-88.659,30.226],[-88.723,30.264],[-88.558,30.216]]]}},{"type":"Feature","properties":{},"geometry":{"type":"Polygon","coordinates":[[[-88.071,30.252],[-88.316,30.24],[-88.109,30.274],[-88.071,30.252]]]}},{"type":"Feature","properties":{},"geometry":{"type":"Polygon","coordinates":[[[-63.012,18.045],[-63.125,18.064],[-63.025,18.113],[-63.012,18.045]]]}},{"type":"Feature","properties":{},"geometry":{"type":"Polygon","coordinates":[[[-65.426,18.106],[-65.572,18.137],[-65.303,18.144],[-65.426,18.106]]]}},{"type":"Feature","properties":{},"geometry":{"type":"Polygon","coordinates":[[[-62.532,17.122],[-62.625,17.13],[-62.615,17.199],[-62.534,17.17],[-62.532,17.122]]]}},{"type":"Feature","properties":{},"geometry":{"type":"Polygon","coordinates":[[[-64.395,18.465],[-64.438,18.459],[-64.426,18.513],[-64.325,18.517],[-64.395,18.465]]]}},{"type":"Feature","properties":{},"geometry":{"type":"Polygon","coordinates":[[[-64.66,18.354],[-64.771,18.332],[-64.752,18.372],[-64.66,18.354]]]}},{"type":"Feature","properties":{},"geometry":{"type":"Polygon","coordinates":[[[-64.594,18.403],[-64.672,18.399],[-64.651,18.443],[-64.569,18.446],[-64.594,18.403]]]}},{"type":"Feature","properties":{},"geometry":{"type":"Polygon","coordinates":[[[-64.766,17.794],[-64.58,17.75],[-64.889,17.702],[-64.885,17.772],[-64.766,17.794]]]}},{"type":"Feature","properties":{},"geometry":{"type":"Polygon","coordinates":[[[-77.348,25.014],[-77.541,25.014],[-77.451,25.081],[-77.276,25.056],[-77.348,25.014]]]}},{"type":"Feature","properties":{},"geometry":{"type":"Polygon","coordinates":[[[-81.044,24.717],[-81.137,24.71],[-80.93,24.759],[-81.044,24.717]]]}},{"type":"Feature","properties":{},"geometry":{"type":"Polygon","coordinates":[[[-76.546,34.655],[-76.608,34.664],[-76.674,34.7],[-76.546,34.655]]]}},{"type":"Feature","properties":{},"geometry":{"type":"Polygon","coordinates":[[[-122.853,47.205],[-122.908,47.226],[-122.885,47.275],[-122.853,47.205]]]}},{"type":"Feature","properties":{},"geometry":{"type":"Polygon","coordinates":[[[-86.42,16.378],[-86.63,16.302],[-86.438,16.414],[-86.256,16.428],[-86.42,16.378]]]}},{"type":"Feature","properties":{},"geometry":{"type":"Polygon","coordinates":[[[-78.898,8.274],[-78.918,8.232],[-78.961,8.436],[-78.883,8.46],[-78.839,8.348],[-78.898,8.274]]]}},{"type":"Feature","properties":{},"geometry":{"type":"Polygon","coordinates":[[[-73.567,45.469],[-73.961,45.441],[-73.476,45.705],[-73.567,45.469]]]}},{"type":"Feature","properties":{},"geometry":{"type":"Polygon","coordinates":[[[-73.695,45.585],[-73.858,45.574],[-73.725,45.672],[-73.572,45.694],[-73.695,45.585]]]}},{"type":"Feature","properties":{},"geometry":{"type":"Polygon","coordinates":[[[-60.962,45.49],[-61.076,45.537],[-61.026,45.577],[-60.912,45.567],[-60.962,45.49]]]}},{"type":"Feature","properties":{},"geometry":{"type":"Polygon","coordinates":[[[-61.914,47.285],[-61.773,47.26],[-61.834,47.223],[-62.008,47.234],[-61.925,47.425],[-61.548,47.632],[-61.396,47.638],[-61.476,47.564],[-61.684,47.499],[-61.914,47.285]]]}},{"type":"Feature","properties":{},"geometry":{"type":"Polygon","coordinates":[[[-64.509,47.887],[-64.534,47.814],[-64.665,47.748],[-64.663,47.863],[-64.509,47.887]]]}},{"type":"Feature","properties":{},"geometry":{"type":"Polygon","coordinates":[[[-64.476,47.959],[-64.591,47.907],[-64.5,48.014],[-64.476,47.959]]]}},{"type":"Feature","properties":{},"geometry":{"type":"Polygon","coordinates":[[[-71.026,46.873],[-71.117,46.865],[-70.826,46.995],[-71.026,46.873]]]}},{"type":"Feature","properties":{},"geometry":{"type":"Polygon","coordinates":[[[-66.274,44.292],[-66.324,44.257],[-66.21,44.392],[-66.274,44.292]]]}},{"type":"Feature","properties":{},"geometry":{"type":"Polygon","coordinates":[[[-68.623,44.196],[-68.702,44.183],[-68.703,44.232],[-68.677,44.256],[-68.623,44.196]]]}},{"type":"Feature","properties":{},"geometry":{"type":"Polygon","coordinates":[[[-66.762,44.682],[-66.897,44.629],[-66.802,44.805],[-66.745,44.791],[-66.762,44.682]]]}},{"type":"Feature","properties":{},"geometry":{"type":"Polygon","coordinates":[[[-68.187,44.332],[-68.309,44.321],[-68.308,44.269],[-68.412,44.294],[-68.409,44.364],[-68.299,44.456],[-68.238,44.438],[-68.187,44.332]]]}},{"type":"Feature","properties":{},"geometry":{"type":"Polygon","coordinates":[[[-155.581,19.012],[-155.681,18.968],[-155.881,19.071],[-155.891,19.383],[-156.049,19.75],[-155.82,20.014],[-155.893,20.167],[-155.832,20.276],[-155.199,19.994],[-155.086,19.876],[-155.066,19.748],[-154.989,19.732],[-154.953,19.645],[-154.804,19.524],[-155.053,19.319],[-155.31,19.26],[-155.535,19.109],[-155.581,19.012]]]}},{"type":"Feature","properties":{},"geometry":{"type":"Polygon","coordinates":[[[-157.214,21.215],[-156.712,21.155],[-156.86,21.056],[-157.29,21.113],[-157.25,21.23],[-157.214,21.215]]]}},{"type":"Feature","properties":{},"geometry":{"type":"Polygon","coordinates":[[[-156.487,20.933],[-156.278,20.951],[-155.99,20.757],[-156.107,20.645],[-156.409,20.605],[-156.48,20.801],[-156.615,20.822],[-156.698,20.949],[-156.657,21.025],[-156.585,21.034],[-156.487,20.933]]]}},{"type":"Feature","properties":{},"geometry":{"type":"Polygon","coordinates":[[[-160.18,21.841],[-160.235,21.804],[-160.221,21.897],[-160.101,22.015],[-160.049,22.005],[-160.08,21.907],[-160.18,21.841]]]}},{"type":"Feature","properties":{},"geometry":{"type":"Polygon","coordinates":[[[-157.799,21.457],[-157.721,21.458],[-157.635,21.308],[-157.799,21.269],[-157.968,21.367],[-158.017,21.368],[-157.981,21.316],[-158.11,21.319],[-158.273,21.585],[-158.123,21.6],[-157.962,21.701],[-157.799,21.457]]]}},{"type":"Feature","properties":{},"geometry":{"type":"Polygon","coordinates":[[[-159.373,21.932],[-159.461,21.876],[-159.609,21.91],[-159.789,22.042],[-159.727,22.14],[-159.579,22.223],[-159.352,22.22],[-159.301,22.105],[-159.373,21.932]]]}},{"type":"Feature","properties":{},"geometry":{"type":"Polygon","coordinates":[[[-156.85,20.773],[-156.973,20.758],[-157.051,20.912],[-156.881,20.905],[-156.809,20.831],[-156.85,20.773]]]}},{"type":"Feature","properties":{},"geometry":{"type":"Polygon","coordinates":[[[-160.329,55.338],[-160.343,55.259],[-160.517,55.334],[-160.329,55.338]]]}},{"type":"Feature","properties":{},"geometry":{"type":"Polygon","coordinates":[[[-160.685,55.315],[-160.574,55.378],[-160.583,55.308],[-160.483,55.197],[-160.795,55.145],[-160.847,55.311],[-160.724,55.405],[-160.672,55.379],[-160.685,55.315]]]}},{"type":"Feature","properties":{},"geometry":{"type":"Polygon","coordinates":[[[-162.298,54.847],[-162.434,54.932],[-162.294,54.983],[-162.238,54.955],[-162.298,54.847]]]}},{"type":"Feature","properties":{},"geometry":{"type":"Polygon","coordinates":[[[-162.554,54.401],[-162.733,54.402],[-162.821,54.495],[-162.554,54.401]]]}},{"type":"Feature","properties":{},"geometry":{"type":"Polygon","coordinates":[[[-159.362,54.972],[-159.458,55.035],[-159.39,55.041],[-159.362,54.972]]]}},{"type":"Feature","properties":{},"geometry":{"type":"Polygon","coordinates":[[[-159.873,55.129],[-160.227,54.923],[-160.164,55.01],[-160.172,55.123],[-159.982,55.198],[-159.92,55.268],[-159.839,55.182],[-159.873,55.129]]]}},{"type":"Feature","properties":{},"geometry":{"type":"Polygon","coordinates":[[[-159.515,55.152],[-159.52,55.072],[-159.648,55.075],[-159.575,55.218],[-159.515,55.152]]]}},{"type":"Feature","properties":{},"geometry":{"type":"Polygon","coordinates":[[[-169.692,52.847],[-169.708,52.807],[-169.981,52.806],[-169.983,52.851],[-169.821,52.883],[-169.692,52.847]]]}},{"type":"Feature","properties":{},"geometry":{"type":"Polygon","coordinates":[[[-165.842,54.071],[-166.036,54.047],[-166.106,54.145],[-165.893,54.207],[-165.704,54.12],[-165.842,54.071]]]}},{"type":"Feature","properties":{},"geometry":{"type":"Polygon","coordinates":[[[-165.561,54.137],[-165.605,54.129],[-165.654,54.253],[-165.551,54.285],[-165.408,54.197],[-165.561,54.137]]]}},{"type":"Feature","properties":{},"geometry":{"type":"Polygon","coordinates":[[[-167.964,53.345],[-168.271,53.238],[-168.506,53.043],[-169.066,52.834],[-168.796,53.045],[-168.778,53.149],[-168.69,53.227],[-168.38,53.283],[-168.396,53.409],[-168.288,53.5],[-168.073,53.557],[-167.828,53.508],[-167.865,53.387],[-167.964,53.345]]]}},{"type":"Feature","properties":{},"geometry":{"type":"Polygon","coordinates":[[[-166.615,53.901],[-166.572,53.853],[-166.497,53.884],[-166.372,53.999],[-166.231,53.933],[-166.546,53.726],[-166.309,53.698],[-166.77,53.476],[-167.629,53.259],[-167.809,53.324],[-167.136,53.526],[-167.016,53.698],[-166.894,53.697],[-166.838,53.648],[-166.741,53.713],[-167.071,53.783],[-167.121,53.843],[-167.038,53.942],[-166.673,54.006],[-166.627,53.996],[-166.615,53.901]]]}},{"type":"Feature","properties":{},"geometry":{"type":"Polygon","coordinates":[[[-166.21,53.723],[-166.234,53.784],[-166.114,53.843],[-166.21,53.723]]]}},{"type":"Feature","properties":{},"geometry":{"type":"Polygon","coordinates":[[[-51.014,69.552],[-51.17,69.517],[-51.234,69.552],[-51.339,69.732],[-51.35,69.855],[-51.095,69.924],[-50.679,69.849],[-50.912,69.757],[-51.014,69.552]]]}},{"type":"Feature","properties":{},"geometry":{"type":"Polygon","coordinates":[[[-53.535,71.041],[-53.898,71.085],[-53.947,71.156],[-53.584,71.297],[-53.432,71.153],[-53.455,71.083],[-53.535,71.041]]]}},{"type":"Feature","properties":{},"geometry":{"type":"Polygon","coordinates":[[[-55.017,72.791],[-55.567,72.564],[-55.869,72.662],[-56.141,72.668],[-56.215,72.719],[-55.994,72.782],[-55.516,72.781],[-55.206,72.842],[-55.017,72.791]]]}},{"type":"Feature","properties":{},"geometry":{"type":"Polygon","coordinates":[[[-51.675,70.855],[-52.119,70.871],[-52.148,70.904],[-52.107,70.968],[-51.97,70.976],[-51.607,70.869],[-51.675,70.855]]]}},{"type":"Feature","properties":{},"geometry":{"type":"Polygon","coordinates":[[[-46.267,60.781],[-46.382,60.66],[-46.553,60.741],[-46.788,60.758],[-46.205,60.944],[-46.267,60.781]]]}},{"type":"Feature","properties":{},"geometry":{"type":"Polygon","coordinates":[[[-126.092,49.354],[-126.064,49.264],[-126.23,49.296],[-126.209,49.38],[-126.092,49.354]]]}},{"type":"Feature","properties":{},"geometry":{"type":"Polygon","coordinates":[[[-122.394,47.395],[-122.51,47.358],[-122.486,47.489],[-122.394,47.395]]]}},{"type":"Feature","properties":{},"geometry":{"type":"Polygon","coordinates":[[[-122.497,47.595],[-122.558,47.598],[-122.56,47.698],[-122.517,47.691],[-122.497,47.595]]]}},{"type":"Feature","properties":{},"geometry":{"type":"Polygon","coordinates":[[[-122.782,48.673],[-122.809,48.63],[-122.883,48.661],[-122.887,48.612],[-123.003,48.652],[-122.918,48.707],[-122.782,48.673]]]}},{"type":"Feature","properties":{},"geometry":{"type":"Polygon","coordinates":[[[-122.821,48.431],[-122.922,48.457],[-122.912,48.538],[-122.869,48.549],[-122.821,48.431]]]}},{"type":"Feature","properties":{},"geometry":{"type":"Polygon","coordinates":[[[-123.013,48.501],[-122.987,48.468],[-123.14,48.508],[-123.17,48.587],[-123.114,48.613],[-123.013,48.501]]]}},{"type":"Feature","properties":{},"geometry":{"type":"Polygon","coordinates":[[[-122.573,48.157],[-122.524,48.025],[-122.503,48.08],[-122.367,47.985],[-122.367,47.939],[-122.411,47.918],[-122.558,47.992],[-122.606,48.129],[-122.742,48.225],[-122.629,48.384],[-122.536,48.321],[-122.692,48.241],[-122.573,48.157]]]}},{"type":"Feature","properties":{},"geometry":{"type":"Polygon","coordinates":[[[-124.154,49.531],[-124.457,49.634],[-124.631,49.736],[-124.623,49.775],[-124.421,49.728],[-124.154,49.531]]]}},{"type":"Feature","properties":{},"geometry":{"type":"Polygon","coordinates":[[[-123.372,48.886],[-123.541,48.946],[-123.689,49.095],[-123.372,48.886]]]}},{"type":"Feature","properties":{},"geometry":{"type":"Polygon","coordinates":[[[-123.435,48.754],[-123.518,48.75],[-123.582,48.926],[-123.468,48.867],[-123.435,48.754]]]}},{"type":"Feature","properties":{},"geometry":{"type":"Polygon","coordinates":[[[-124.978,50.03],[-125.026,50.134],[-124.991,50.217],[-124.907,50.084],[-124.978,50.03]]]}},{"type":"Feature","properties":{},"geometry":{"type":"Polygon","coordinates":[[[-126.641,49.606],[-126.939,49.718],[-126.926,49.838],[-126.826,49.872],[-126.738,49.844],[-126.65,49.746],[-126.641,49.606]]]}},{"type":"Feature","properties":{},"geometry":{"type":"Polygon","coordinates":[[[-125.184,50.097],[-125.195,50.044],[-125.358,50.312],[-125.301,50.414],[-125.196,50.39],[-125.091,50.268],[-125.074,50.221],[-125.184,50.097]]]}},{"type":"Feature","properties":{},"geometry":{"type":"Polygon","coordinates":[[[-118.35,32.828],[-118.473,32.839],[-118.59,33.011],[-118.557,33.033],[-118.35,32.828]]]}},{"type":"Feature","properties":{},"geometry":{"type":"Polygon","coordinates":[[[-118.243,28.942],[-118.285,28.904],[-118.4,29.112],[-118.368,29.188],[-118.312,29.183],[-118.243,28.942]]]}},{"type":"Feature","properties":{},"geometry":{"type":"Polygon","coordinates":[[[-120.044,33.919],[-120.167,33.918],[-120.252,34.014],[-120.072,34.027],[-119.994,33.985],[-120.044,33.919]]]}},{"type":"Feature","properties":{},"geometry":{"type":"Polygon","coordinates":[[[-119.882,34.08],[-119.549,34.028],[-119.81,33.968],[-119.885,33.995],[-119.918,34.068],[-119.882,34.08]]]}},{"type":"Feature","properties":{},"geometry":{"type":"Polygon","coordinates":[[[-118.348,33.386],[-118.297,33.312],[-118.446,33.317],[-118.569,33.464],[-118.348,33.386]]]}},{"type":"Feature","properties":{},"geometry":{"type":"Polygon","coordinates":[[[-71.365,41.485],[-71.393,41.467],[-71.384,41.571],[-71.365,41.485]]]}},{"type":"Feature","properties":{},"geometry":{"type":"Polygon","coordinates":[[[-74.133,39.681],[-74.25,39.529],[-74.107,39.746],[-74.133,39.681]]]}},{"type":"Feature","properties":{},"geometry":{"type":"Polygon","coordinates":[[[-74.188,40.523],[-74.236,40.519],[-74.188,40.615],[-74.069,40.649],[-74.08,40.586],[-74.188,40.523]]]}},{"type":"Feature","properties":{},"geometry":{"type":"Polygon","coordinates":[[[-64.73,32.293],[-64.863,32.274],[-64.695,32.387],[-64.73,32.293]]]}},{"type":"Feature","properties":{},"geometry":{"type":"Polygon","coordinates":[[[-70.51,41.376],[-70.785,41.327],[-70.829,41.359],[-70.616,41.457],[-70.51,41.376]]]}},{"type":"Feature","properties":{},"geometry":{"type":"Polygon","coordinates":[[[-71.241,41.492],[-71.346,41.469],[-71.232,41.654],[-71.241,41.492]]]}},{"type":"Feature","properties":{},"geometry":{"type":"Polygon","coordinates":[[[-69.978,41.266],[-70.233,41.286],[-70.087,41.318],[-70.044,41.374],[-69.978,41.266]]]}},{"type":"Feature","properties":{},"geometry":{"type":"Polygon","coordinates":[[[-75.782,35.19],[-75.984,35.123],[-75.865,35.174],[-75.782,35.19]]]}},{"type":"Feature","properties":{},"geometry":{"type":"Polygon","coordinates":[[[-75.636,35.856],[-75.717,35.946],[-75.649,35.91],[-75.636,35.856]]]}},{"type":"Feature","properties":{},"geometry":{"type":"Polygon","coordinates":[[[-75.333,37.888],[-75.379,37.872],[-75.098,38.298],[-75.333,37.888]]]}},{"type":"Feature","properties":{},"geometry":{"type":"Polygon","coordinates":[[[-75.544,35.24],[-75.678,35.213],[-75.536,35.279],[-75.481,35.572],[-75.504,35.769],[-75.465,35.449],[-75.544,35.24]]]}},{"type":"Feature","properties":{},"geometry":{"type":"Polygon","coordinates":[[[-76.504,34.643],[-76.437,34.756],[-76.207,34.939],[-76.504,34.643]]]}},{"type":"Feature","properties":{},"geometry":{"type":"Polygon","coordinates":[[[-96.764,28.153],[-96.801,28.148],[-96.756,28.202],[-96.419,28.376],[-96.413,28.338],[-96.764,28.153]]]}},{"type":"Feature","properties":{},"geometry":{"type":"Polygon","coordinates":[[[-97.354,27.3],[-97.385,27.243],[-97.295,27.523],[-97.061,27.822],[-97.354,27.3]]]}},{"type":"Feature","properties":{},"geometry":{"type":"Polygon","coordinates":[[[-95.04,29.146],[-95.09,29.136],[-94.826,29.341],[-94.768,29.339],[-95.04,29.146]]]}},{"type":"Feature","properties":{},"geometry":{"type":"Polygon","coordinates":[[[-97.171,26.159],[-97.185,26.113],[-97.402,26.821],[-97.386,27.196],[-97.351,26.801],[-97.171,26.159]]]}},{"type":"Feature","properties":{},"geometry":{"type":"Polygon","coordinates":[[[-84.908,29.643],[-85.008,29.607],[-85.117,29.633],[-85.001,29.627],[-84.737,29.732],[-84.908,29.643]]]}},{"type":"Feature","properties":{},"geometry":{"type":"Polygon","coordinates":[[[-81.419,30.971],[-81.463,30.728],[-81.485,30.898],[-81.419,30.971]]]}},{"type":"Feature","properties":{},"geometry":{"type":"Polygon","coordinates":[[[-89.224,30.084],[-89.22,30.038],[-89.342,30.063],[-89.185,30.169],[-89.224,30.084]]]}},{"type":"Feature","properties":{},"geometry":{"type":"Polygon","coordinates":[[[-91.794,29.501],[-92.007,29.61],[-91.875,29.641],[-91.768,29.585],[-91.794,29.501]]]}},{"type":"Feature","properties":{},"geometry":{"type":"Polygon","coordinates":[[[-88.827,29.808],[-88.856,29.776],[-88.828,29.928],[-88.867,30.057],[-88.813,29.933],[-88.827,29.808]]]}},{"type":"Feature","properties":{},"geometry":{"type":"Polygon","coordinates":[[[-77.658,24.249],[-77.755,24.163],[-77.683,24.118],[-77.615,24.216],[-77.562,24.137],[-77.519,23.869],[-77.574,23.739],[-77.771,23.753],[-77.852,24.04],[-78,24.22],[-77.701,24.288],[-77.658,24.249]]]}},{"type":"Feature","properties":{},"geometry":{"type":"Polygon","coordinates":[[[-77.669,21.952],[-77.71,21.921],[-77.919,22.088],[-77.634,22.054],[-77.669,21.952]]]}},{"type":"Feature","properties":{},"geometry":{"type":"Polygon","coordinates":[[[-78.027,22.285],[-78.18,22.322],[-78.27,22.402],[-78.151,22.431],[-78.027,22.285]]]}},{"type":"Feature","properties":{},"geometry":{"type":"Polygon","coordinates":[[[-78.63,22.552],[-78.351,22.539],[-78.284,22.455],[-78.548,22.464],[-78.696,22.534],[-78.63,22.552]]]}},{"type":"Feature","properties":{},"geometry":{"type":"Polygon","coordinates":[[[-77.226,25.904],[-77.403,26.025],[-77.247,26.156],[-77.206,26.489],[-77.239,26.561],[-77.511,26.846],[-77.944,26.904],[-77.863,26.94],[-77.534,26.903],[-77.266,26.689],[-77.257,26.639],[-77.066,26.53],[-77.038,26.333],[-77.167,26.24],[-77.226,25.904]]]}},{"type":"Feature","properties":{},"geometry":{"type":"Polygon","coordinates":[[[-74.058,22.723],[-74.099,22.665],[-74.275,22.712],[-74.307,22.84],[-74.058,22.723]]]}},{"type":"Feature","properties":{},"geometry":{"type":"Polygon","coordinates":[[[-74.429,24.068],[-74.509,23.96],[-74.551,23.969],[-74.527,24.105],[-74.472,24.127],[-74.429,24.068]]]}},{"type":"Feature","properties":{},"geometry":{"type":"Polygon","coordinates":[[[-73.027,21.192],[-73.165,20.979],[-73.661,20.937],[-73.681,20.976],[-73.68,21.103],[-73.523,21.191],[-73.235,21.154],[-73.058,21.313],[-73.012,21.3],[-73.027,21.192]]]}},{"type":"Feature","properties":{},"geometry":{"type":"Polygon","coordinates":[[[-74.207,22.214],[-74.277,22.184],[-73.906,22.527],[-73.976,22.635],[-73.954,22.716],[-73.85,22.731],[-73.877,22.681],[-73.837,22.538],[-73.975,22.361],[-74.207,22.214]]]}},{"type":"Feature","properties":{},"geometry":{"type":"Polygon","coordinates":[[[-76.649,25.487],[-76.344,25.332],[-76.127,25.141],[-76.17,24.649],[-76.3,24.796],[-76.214,24.822],[-76.16,25.119],[-76.369,25.313],[-76.621,25.432],[-76.781,25.427],[-76.727,25.552],[-76.649,25.487]]]}},{"type":"Feature","properties":{},"geometry":{"type":"Polygon","coordinates":[[[-75.665,23.45],[-76.037,23.603],[-76.01,23.671],[-75.665,23.45]]]}},{"type":"Feature","properties":{},"geometry":{"type":"Polygon","coordinates":[[[-74.84,22.894],[-74.973,23.069],[-75.223,23.165],[-75.141,23.205],[-75.131,23.268],[-75.316,23.668],[-75.109,23.333],[-75.064,23.15],[-74.846,23],[-74.84,22.894]]]}},{"type":"Feature","properties":{},"geometry":{"type":"Polygon","coordinates":[[[-75.308,24.2],[-75.302,24.149],[-75.503,24.139],[-75.409,24.266],[-75.744,24.655],[-75.727,24.689],[-75.654,24.681],[-75.526,24.45],[-75.308,24.2]]]}},{"type":"Feature","properties":{},"geometry":{"type":"Polygon","coordinates":[[[-77.879,22.128],[-78.042,22.201],[-77.999,22.299],[-77.842,22.149],[-77.879,22.128]]]}},{"type":"Feature","properties":{},"geometry":{"type":"Polygon","coordinates":[[[-82.037,26.454],[-82.145,26.447],[-82.201,26.548],[-82.139,26.477],[-82.037,26.454]]]}},{"type":"Feature","properties":{},"geometry":{"type":"Polygon","coordinates":[[[-77.744,24.707],[-77.745,24.463],[-78.045,24.287],[-78.146,24.493],[-78.258,24.483],[-78.435,24.628],[-78.339,24.642],[-78.319,24.59],[-78.243,24.654],[-78.299,24.754],[-78.184,24.917],[-78.159,25.022],[-78.211,25.191],[-78.163,25.202],[-77.975,25.085],[-77.973,25.005],[-77.744,24.707]]]}},{"type":"Feature","properties":{},"geometry":{"type":"Polygon","coordinates":[[[-81.567,24.6],[-81.631,24.59],[-81.562,24.689],[-81.532,24.642],[-81.567,24.6]]]}},{"type":"Feature","properties":{},"geometry":{"type":"Polygon","coordinates":[[[-80.187,27.278],[-80.171,27.205],[-80.437,27.851],[-80.187,27.278]]]}},{"type":"Feature","properties":{},"geometry":{"type":"Polygon","coordinates":[[[-82.562,21.572],[-82.853,21.444],[-82.96,21.441],[-83.067,21.469],[-83.184,21.593],[-83.055,21.549],[-82.974,21.592],[-83.083,21.791],[-82.991,21.943],[-82.715,21.89],[-82.562,21.572]]]}},{"type":"Feature","properties":{},"geometry":{"type":"Polygon","coordinates":[[[-82.084,26.552],[-82.085,26.494],[-82.169,26.701],[-82.084,26.552]]]}},{"type":"Feature","properties":{},"geometry":{"type":"Polygon","coordinates":[[[-79.35,22.664],[-79.523,22.711],[-79.628,22.805],[-79.35,22.664]]]}},{"type":"Feature","properties":{},"geometry":{"type":"Polygon","coordinates":[[[-78.493,26.729],[-78.372,26.698],[-77.944,26.744],[-77.922,26.691],[-78.744,26.501],[-78.986,26.69],[-78.798,26.582],[-78.633,26.659],[-78.597,26.798],[-78.493,26.729]]]}},{"type":"Feature","properties":{},"geometry":{"type":"Polygon","coordinates":[[[-80.382,25.142],[-80.581,24.954],[-80.28,25.341],[-80.382,25.142]]]}},{"type":"Feature","properties":{},"geometry":{"type":"Polygon","coordinates":[[[-87.951,17.925],[-87.998,17.906],[-87.898,18.155],[-87.859,18.154],[-87.951,17.925]]]}},{"type":"Feature","properties":{},"geometry":{"type":"Polygon","coordinates":[[[-87.853,17.423],[-87.93,17.283],[-87.826,17.546],[-87.798,17.48],[-87.853,17.423]]]}},{"type":"Feature","properties":{},"geometry":{"type":"Polygon","coordinates":[[[-91.684,18.677],[-91.796,18.654],[-91.55,18.774],[-91.684,18.677]]]}},{"type":"Feature","properties":{},"geometry":{"type":"Polygon","coordinates":[[[-82.233,9.381],[-82.244,9.334],[-82.322,9.418],[-82.276,9.432],[-82.233,9.381]]]}},{"type":"Feature","properties":{},"geometry":{"type":"Polygon","coordinates":[[[-81.37,19.349],[-81.13,19.347],[-81.107,19.305],[-81.405,19.278],[-81.419,19.375],[-81.37,19.349]]]}},{"type":"Feature","properties":{},"geometry":{"type":"Polygon","coordinates":[[[-86.94,20.303],[-86.991,20.272],[-87.019,20.382],[-86.978,20.49],[-86.928,20.552],[-86.763,20.579],[-86.94,20.303]]]}},{"type":"Feature","properties":{},"geometry":{"type":"Polygon","coordinates":[[[-62.631,17.24],[-62.839,17.339],[-62.827,17.386],[-62.714,17.353],[-62.631,17.24]]]}},{"type":"Feature","properties":{},"geometry":{"type":"Polygon","coordinates":[[[-60.895,13.822],[-60.951,13.718],[-61.061,13.783],[-61.073,13.866],[-60.908,14.093],[-60.895,13.822]]]}},{"type":"Feature","properties":{},"geometry":{"type":"Polygon","coordinates":[[[-60.826,14.494],[-60.837,14.437],[-61.064,14.467],[-61.089,14.51],[-61.011,14.602],[-61.141,14.652],[-61.213,14.849],[-61.127,14.875],[-60.919,14.735],[-60.934,14.686],[-60.826,14.494]]]}},{"type":"Feature","properties":{},"geometry":{"type":"Polygon","coordinates":[[[-61.012,10.134],[-61.174,10.078],[-61.906,10.069],[-61.633,10.243],[-61.499,10.269],[-61.465,10.539],[-61.499,10.639],[-61.635,10.699],[-61.592,10.748],[-60.918,10.84],[-61.034,10.67],[-61.037,10.482],[-60.968,10.323],[-61.012,10.134]]]}},{"type":"Feature","properties":{},"geometry":{"type":"Polygon","coordinates":[[[-68.206,12.145],[-68.254,12.032],[-68.369,12.302],[-68.219,12.231],[-68.206,12.145]]]}},{"type":"Feature","properties":{},"geometry":{"type":"Polygon","coordinates":[[[-60.756,11.179],[-60.811,11.169],[-60.804,11.208],[-60.709,11.277],[-60.525,11.325],[-60.546,11.264],[-60.756,11.179]]]}},{"type":"Feature","properties":{},"geometry":{"type":"Polygon","coordinates":[[[-62.148,16.74],[-62.154,16.681],[-62.222,16.7],[-62.191,16.804],[-62.148,16.74]]]}},{"type":"Feature","properties":{},"geometry":{"type":"Polygon","coordinates":[[[-59.493,13.082],[-59.611,13.102],[-59.647,13.303],[-59.592,13.318],[-59.428,13.153],[-59.493,13.082]]]}},{"type":"Feature","properties":{},"geometry":{"type":"Polygon","coordinates":[[[-63.849,11.131],[-63.817,11],[-63.918,10.888],[-64.402,10.982],[-64.349,11.052],[-64.214,11.086],[-64.113,11.006],[-64.028,11.002],[-63.893,11.167],[-63.849,11.131]]]}},{"type":"Feature","properties":{},"geometry":{"type":"Polygon","coordinates":[[[-63.001,18.222],[-63.16,18.171],[-63.026,18.27],[-62.98,18.265],[-63.001,18.222]]]}},{"type":"Feature","properties":{},"geometry":{"type":"Polygon","coordinates":[[[-61.715,12.013],[-61.782,12.008],[-61.715,12.185],[-61.66,12.237],[-61.607,12.223],[-61.627,12.054],[-61.715,12.013]]]}},{"type":"Feature","properties":{},"geometry":{"type":"Polygon","coordinates":[[[-61.747,17.575],[-61.844,17.596],[-61.852,17.714],[-61.75,17.661],[-61.747,17.575]]]}},{"type":"Feature","properties":{},"geometry":{"type":"Polygon","coordinates":[[[-61.23,15.89],[-61.286,15.886],[-61.318,15.955],[-61.275,15.996],[-61.212,15.96],[-61.23,15.89]]]}},{"type":"Feature","properties":{},"geometry":{"type":"Polygon","coordinates":[[[-61.716,17.037],[-61.748,16.997],[-61.86,17.013],[-61.887,17.098],[-61.817,17.169],[-61.708,17.105],[-61.716,17.037]]]}},{"type":"Feature","properties":{},"geometry":{"type":"Polygon","coordinates":[[[-61.282,15.249],[-61.375,15.227],[-61.481,15.525],[-61.458,15.633],[-61.277,15.527],[-61.282,15.249]]]}},{"type":"Feature","properties":{},"geometry":{"type":"Polygon","coordinates":[[[-61.327,16.23],[-61.522,16.228],[-61.529,16.434],[-61.471,16.507],[-61.355,16.363],[-61.173,16.256],[-61.327,16.23]]]}},{"type":"Feature","properties":{},"geometry":{"type":"Polygon","coordinates":[[[-61.59,16.007],[-61.67,15.962],[-61.759,16.062],[-61.767,16.34],[-61.552,16.271],[-61.59,16.007]]]}},{"type":"Feature","properties":{},"geometry":{"type":"Polygon","coordinates":[[[-61.175,13.158],[-61.277,13.21],[-61.268,13.288],[-61.139,13.359],[-61.135,13.203],[-61.175,13.158]]]}},{"type":"Feature","properties":{},"geometry":{"type":"Polygon","coordinates":[[[-73.041,22.429],[-72.831,22.386],[-72.763,22.344],[-72.784,22.291],[-72.889,22.36],[-73.162,22.381],[-73.127,22.455],[-73.041,22.429]]]}},{"type":"Feature","properties":{},"geometry":{"type":"Polygon","coordinates":[[[-68.751,12.06],[-68.803,12.045],[-68.995,12.142],[-69.154,12.298],[-69.159,12.38],[-69.077,12.342],[-69.013,12.231],[-68.827,12.159],[-68.751,12.06]]]}},{"type":"Feature","properties":{},"geometry":{"type":"Polygon","coordinates":[[[-71.661,21.765],[-71.83,21.791],[-71.848,21.843],[-71.668,21.833],[-71.661,21.765]]]}},{"type":"Feature","properties":{},"geometry":{"type":"Polygon","coordinates":[[[-72.916,21.507],[-73.049,21.458],[-73.063,21.515],[-72.995,21.562],[-72.916,21.507]]]}},{"type":"Feature","properties":{},"geometry":{"type":"Polygon","coordinates":[[[-71.88,21.84],[-71.955,21.864],[-72.011,21.95],[-71.932,21.952],[-71.88,21.84]]]}},{"type":"Feature","properties":{},"geometry":{"type":"Polygon","coordinates":[[[-72.333,21.851],[-72.15,21.804],[-72.335,21.758],[-72.333,21.851]]]}},{"type":"Feature","properties":{},"geometry":{"type":"Polygon","coordinates":[[[-160.919,58.577],[-161.07,58.569],[-161.131,58.668],[-160.715,58.795],[-160.919,58.577]]]}},{"type":"Feature","properties":{},"geometry":{"type":"Polygon","coordinates":[[[-153.007,57.125],[-153.295,57],[-153.375,57.052],[-153.285,57.185],[-152.908,57.152],[-153.007,57.125]]]}},{"type":"Feature","properties":{},"geometry":{"type":"Polygon","coordinates":[[[-152.021,60.362],[-152.069,60.358],[-151.96,60.504],[-151.899,60.49],[-152.021,60.362]]]}},{"type":"Feature","properties":{},"geometry":{"type":"Polygon","coordinates":[[[-152.486,58.485],[-152.637,58.542],[-152.463,58.619],[-152.357,58.595],[-152.486,58.485]]]}},{"type":"Feature","properties":{},"geometry":{"type":"Polygon","coordinates":[[[-153.241,57.85],[-153.269,57.822],[-153.517,57.942],[-153.481,57.971],[-153.347,57.933],[-153.241,57.85]]]}},{"type":"Feature","properties":{},"geometry":{"type":"Polygon","coordinates":[[[-155.566,55.821],[-155.681,55.792],[-155.737,55.83],[-155.573,55.921],[-155.566,55.821]]]}},{"type":"Feature","properties":{},"geometry":{"type":"Polygon","coordinates":[[[-154.683,56.436],[-154.777,56.44],[-154.624,56.561],[-154.518,56.601],[-154.445,56.573],[-154.683,56.436]]]}},{"type":"Feature","properties":{},"geometry":{"type":"Polygon","coordinates":[[[-154.209,56.515],[-154.332,56.539],[-154.322,56.571],[-154.11,56.603],[-154.107,56.558],[-154.209,56.515]]]}},{"type":"Feature","properties":{},"geometry":{"type":"Polygon","coordinates":[[[-146.394,60.45],[-146.124,60.424],[-146.128,60.393],[-146.595,60.268],[-146.703,60.396],[-146.56,60.481],[-146.394,60.45]]]}},{"type":"Feature","properties":{},"geometry":{"type":"Polygon","coordinates":[[[-145.119,60.337],[-145.284,60.337],[-145.128,60.401],[-145.119,60.337]]]}},{"type":"Feature","properties":{},"geometry":{"type":"Polygon","coordinates":[[[-144.566,59.818],[-144.614,59.813],[-144.445,59.951],[-144.236,60.015],[-144.566,59.818]]]}},{"type":"Feature","properties":{},"geometry":{"type":"Polygon","coordinates":[[[-147.736,59.813],[-147.872,59.828],[-147.768,59.944],[-147.337,60.185],[-147.181,60.358],[-146.958,60.289],[-147.318,60.075],[-147.499,59.89],[-147.736,59.813]]]}},{"type":"Feature","properties":{},"geometry":{"type":"Polygon","coordinates":[[[-148.022,60.065],[-148.272,60.053],[-148.231,60.114],[-148.08,60.152],[-147.914,60.092],[-148.022,60.065]]]}},{"type":"Feature","properties":{},"geometry":{"type":"Polygon","coordinates":[[[-147.658,60.45],[-147.69,60.399],[-147.66,60.352],[-147.76,60.19],[-147.871,60.23],[-147.891,60.299],[-147.795,60.46],[-147.703,60.487],[-147.658,60.45]]]}},{"type":"Feature","properties":{},"geometry":{"type":"Polygon","coordinates":[[[-147.931,60.826],[-148.115,60.831],[-148.038,60.924],[-147.964,60.9],[-147.931,60.826]]]}},{"type":"Feature","properties":{},"geometry":{"type":"Polygon","coordinates":[[[-132.862,54.894],[-132.772,54.926],[-132.617,54.892],[-132.706,54.684],[-133.009,54.855],[-133.251,55.175],[-133.418,55.211],[-133.429,55.304],[-133.297,55.326],[-133.097,55.214],[-132.862,54.894]]]}},{"type":"Feature","properties":{},"geometry":{"type":"Polygon","coordinates":[[[-133.99,56.845],[-133.925,56.776],[-133.831,56.781],[-133.738,56.65],[-133.855,56.582],[-133.885,56.292],[-133.95,56.128],[-134.19,56.077],[-134.245,56.203],[-134.195,56.414],[-134.084,56.456],[-134.29,56.58],[-134.278,56.617],[-134.384,56.724],[-134.374,56.839],[-134.274,56.918],[-134.143,56.932],[-133.99,56.845]]]}},{"type":"Feature","properties":{},"geometry":{"type":"Polygon","coordinates":[[[-133.305,55.544],[-133.283,55.516],[-133.65,55.269],[-133.635,55.413],[-133.737,55.497],[-133.634,55.539],[-133.305,55.544]]]}},{"type":"Feature","properties":{},"geometry":{"type":"Polygon","coordinates":[[[-131.34,55.08],[-131.232,54.904],[-131.406,54.894],[-131.482,55.035],[-131.592,55.026],[-131.578,55.249],[-131.405,55.213],[-131.34,55.08]]]}},{"type":"Feature","properties":{},"geometry":{"type":"Polygon","coordinates":[[[-132.747,56.526],[-132.885,56.512],[-132.948,56.567],[-132.843,56.795],[-132.656,56.685],[-132.568,56.576],[-132.747,56.526]]]}},{"type":"Feature","properties":{},"geometry":{"type":"Polygon","coordinates":[[[-132.112,56.109],[-132.133,55.943],[-132.369,55.94],[-132.451,56.056],[-132.66,56.078],[-132.699,56.198],[-132.599,56.242],[-132.38,56.499],[-132.317,56.488],[-132.067,56.244],[-132.112,56.109]]]}},{"type":"Feature","properties":{},"geometry":{"type":"Polygon","coordinates":[[[-132.78,56.247],[-133.035,56.341],[-133.017,56.392],[-132.902,56.454],[-132.643,56.435],[-132.647,56.313],[-132.78,56.247]]]}},{"type":"Feature","properties":{},"geometry":{"type":"Polygon","coordinates":[[[-134.313,58.229],[-134.456,58.207],[-134.662,58.291],[-134.52,58.333],[-134.313,58.229]]]}},{"type":"Feature","properties":{},"geometry":{"type":"Polygon","coordinates":[[[-128.937,52.51],[-128.969,52.464],[-129.151,52.605],[-129.25,52.722],[-129.246,52.811],[-128.994,52.662],[-128.937,52.51]]]}},{"type":"Feature","properties":{},"geometry":{"type":"Polygon","coordinates":[[[-130.927,54.479],[-130.959,54.499],[-130.922,54.615],[-130.753,54.6],[-130.927,54.479]]]}},{"type":"Feature","properties":{},"geometry":{"type":"Polygon","coordinates":[[[-131.029,51.962],[-131.103,52.014],[-131.107,52.137],[-131.011,52.095],[-131.029,51.962]]]}},{"type":"Feature","properties":{},"geometry":{"type":"Polygon","coordinates":[[[-130.236,53.959],[-130.384,53.844],[-130.59,53.94],[-130.625,53.941],[-130.638,53.86],[-130.703,53.892],[-130.647,53.991],[-130.448,54.089],[-130.316,54.047],[-130.236,53.959]]]}},{"type":"Feature","properties":{},"geometry":{"type":"Polygon","coordinates":[[[-129.849,53.168],[-129.934,53.177],[-130.518,53.544],[-130.452,53.631],[-130.395,53.62],[-129.945,53.436],[-129.755,53.245],[-129.849,53.168]]]}},{"type":"Feature","properties":{},"geometry":{"type":"Polygon","coordinates":[[[-127.925,51.474],[-128.092,51.511],[-128.149,51.627],[-128.123,51.667],[-127.999,51.704],[-127.933,51.605],[-127.925,51.474]]]}},{"type":"Feature","properties":{},"geometry":{"type":"Polygon","coordinates":[[[-128.369,52.401],[-128.445,52.388],[-128.412,52.473],[-128.44,52.696],[-128.365,52.782],[-128.247,52.784],[-128.369,52.401]]]}},{"type":"Feature","properties":{},"geometry":{"type":"Polygon","coordinates":[[[-129.314,52.992],[-129.41,53.024],[-129.515,53.179],[-129.471,53.183],[-129.314,52.992]]]}},{"type":"Feature","properties":{},"geometry":{"type":"Polygon","coordinates":[[[-129.168,53.118],[-129.277,53.111],[-129.331,53.174],[-129.251,53.317],[-129.177,53.259],[-129.168,53.118]]]}},{"type":"Feature","properties":{},"geometry":{"type":"Polygon","coordinates":[[[-139.043,69.577],[-139.126,69.539],[-139.291,69.598],[-139.14,69.65],[-138.879,69.59],[-139.043,69.577]]]}},{"type":"Feature","properties":{},"geometry":{"type":"Polygon","coordinates":[[[-60.998,8.867],[-61.06,8.847],[-61.069,8.947],[-60.916,9.07],[-60.849,8.996],[-60.861,8.95],[-60.998,8.867]]]}},{"type":"Feature","properties":{},"geometry":{"type":"Polygon","coordinates":[[[-79.065,8.254],[-79.11,8.21],[-79.096,8.295],[-79.065,8.254]]]}},{"type":"Feature","properties":{},"geometry":{"type":"Polygon","coordinates":[[[-60.821,9.138],[-60.941,9.106],[-60.907,9.179],[-60.736,9.203],[-60.821,9.138]]]}},{"type":"Feature","properties":{},"geometry":{"type":"Polygon","coordinates":[[[-81.603,7.333],[-81.77,7.37],[-81.852,7.453],[-81.812,7.592],[-81.752,7.622],[-81.671,7.523],[-81.695,7.425],[-81.603,7.333]]]}},{"type":"Feature","properties":{},"geometry":{"type":"Polygon","coordinates":[[[-106.502,21.611],[-106.531,21.529],[-106.607,21.561],[-106.639,21.698],[-106.536,21.676],[-106.502,21.611]]]}},{"type":"Feature","properties":{},"geometry":{"type":"Polygon","coordinates":[[[-110.914,18.741],[-110.975,18.72],[-111.064,18.782],[-110.989,18.863],[-110.914,18.741]]]}},{"type":"Feature","properties":{},"geometry":{"type":"Polygon","coordinates":[[[-110.567,25.003],[-110.539,24.892],[-110.657,24.969],[-110.699,25.081],[-110.567,25.003]]]}},{"type":"Feature","properties":{},"geometry":{"type":"Polygon","coordinates":[[[-109.805,24.151],[-109.878,24.201],[-109.9,24.331],[-109.805,24.151]]]}},{"type":"Feature","properties":{},"geometry":{"type":"Polygon","coordinates":[[[-113.156,29.052],[-113.496,29.308],[-113.581,29.413],[-113.587,29.573],[-113.416,29.486],[-113.374,29.339],[-113.202,29.302],[-113.156,29.052]]]}},{"type":"Feature","properties":{},"geometry":{"type":"Polygon","coordinates":[[[-114.694,31.706],[-114.789,31.747],[-114.785,31.79],[-114.694,31.706]]]}},{"type":"Feature","properties":{},"geometry":{"type":"Polygon","coordinates":[[[-115.171,28.069],[-115.184,28.037],[-115.353,28.104],[-115.26,28.221],[-115.274,28.343],[-115.234,28.368],[-115.149,28.172],[-115.171,28.069]]]}},{"type":"Feature","properties":{},"geometry":{"type":"Polygon","coordinates":[[[-111.699,24.394],[-111.712,24.346],[-112.013,24.533],[-111.857,24.538],[-111.699,24.394]]]}},{"type":"Feature","properties":{},"geometry":{"type":"Polygon","coordinates":[[[-111.1,26.021],[-111.204,25.85],[-111.183,26.041],[-111.091,26.076],[-111.1,26.021]]]}},{"type":"Feature","properties":{},"geometry":{"type":"Polygon","coordinates":[[[-112.203,29.005],[-112.278,28.769],[-112.514,28.848],[-112.47,29.168],[-112.424,29.204],[-112.285,29.24],[-112.203,29.005]]]}},{"type":"Feature","properties":{},"geometry":{"type":"Polygon","coordinates":[[[-112.057,24.546],[-112.163,24.65],[-112.175,24.73],[-112.297,24.79],[-112.159,25.286],[-112.132,25.224],[-112.195,24.841],[-112.057,24.546]]]}},{"type":"Feature","properties":{},"geometry":{"type":"Polygon","coordinates":[[[-86.589,71.011],[-86.321,71.017],[-85.644,71.152],[-85.095,71.152],[-85.002,71.137],[-85.048,71.059],[-84.988,71.032],[-84.824,71.029],[-84.658,71.515],[-84.699,71.631],[-85.339,71.697],[-85.596,71.866],[-85.912,71.987],[-85.546,72.102],[-85.322,72.233],[-85.019,72.218],[-84.284,72.044],[-84.842,72.308],[-84.623,72.377],[-85.341,72.422],[-85.616,72.605],[-85.65,72.722],[-85.575,72.856],[-85.262,72.954],[-84.257,72.797],[-84.274,72.836],[-85.384,73.045],[-85.455,73.105],[-85.018,73.335],[-84.416,73.456],[-83.782,73.417],[-83.915,73.508],[-83.41,73.632],[-82.66,73.73],[-81.605,73.696],[-81.344,73.598],[-81.152,73.314],[-80.603,73.121],[-80.592,72.928],[-80.277,72.77],[-81.229,72.312],[-81.241,72.278],[-80.761,72.457],[-80.611,72.451],[-80.702,72.338],[-80.941,72.21],[-80.691,72.103],[-80.921,72.072],[-80.948,71.917],[-80.802,71.929],[-80.182,72.209],[-79.884,72.177],[-80.109,72.332],[-79.831,72.446],[-79.584,72.315],[-79.323,72.391],[-79,72.272],[-79.008,72.043],[-78.614,71.881],[-78.623,71.935],[-78.863,72.101],[-78.82,72.265],[-78.699,72.351],[-78.429,72.28],[-78.116,72.28],[-77.726,72.18],[-77.517,72.178],[-77.536,72.219],[-78.287,72.36],[-78.484,72.471],[-78.422,72.572],[-77.753,72.725],[-76.894,72.721],[-76.189,72.572],[-75.704,72.572],[-75.294,72.481],[-75.071,72.323],[-75.053,72.226],[-75.394,72.04],[-75.543,72.008],[-75.911,71.731],[-75.428,71.984],[-74.903,72.1],[-74.377,72.067],[-74.209,71.979],[-74.316,71.843],[-74.893,71.726],[-75.205,71.709],[-74.701,71.676],[-74.829,71.571],[-74.868,71.505],[-74.841,71.407],[-75.035,71.231],[-74.996,71.218],[-74.759,71.338],[-74.6,71.585],[-74.488,71.648],[-74.139,71.682],[-73.867,71.771],[-73.707,71.746],[-74.197,71.404],[-73.713,71.588],[-73.181,71.283],[-73.31,71.484],[-73.278,71.538],[-72.902,71.678],[-71.641,71.516],[-71.333,71.403],[-71.187,71.279],[-71.495,71.105],[-71.938,71.094],[-72.633,70.831],[-72.313,70.833],[-72.009,71.013],[-71.743,71.047],[-71.371,70.975],[-71.186,70.978],[-70.826,71.109],[-70.673,71.052],[-70.639,70.902],[-70.762,70.792],[-71.022,70.674],[-71.586,70.566],[-71.89,70.432],[-71.727,70.395],[-71.427,70.552],[-71.276,70.5],[-71.429,70.128],[-70.98,70.581],[-70.561,70.738],[-70.085,70.83],[-69.289,70.783],[-68.496,70.61],[-68.358,70.523],[-68.483,70.415],[-68.843,70.314],[-69.436,70.253],[-70.061,70.071],[-69.913,70.029],[-69.483,70.16],[-68.778,70.204],[-68.723,70.146],[-69.008,69.979],[-68.744,69.941],[-68.489,70.065],[-68.231,70.112],[-68.319,70.161],[-68.283,70.228],[-68.121,70.315],[-67.855,70.282],[-67.364,70.034],[-67.196,69.861],[-67.193,69.757],[-67.337,69.721],[-68.02,69.77],[-68.372,69.644],[-68.837,69.624],[-69.251,69.512],[-68.513,69.577],[-67.908,69.46],[-67.237,69.46],[-66.685,69.286],[-66.679,69.191],[-66.803,69.153],[-67.607,69.173],[-67.938,69.248],[-68.619,69.206],[-69.041,69.098],[-68.416,69.172],[-67.752,69.039],[-67.751,68.934],[-67.883,68.784],[-68.324,68.844],[-68.725,68.81],[-69.33,68.876],[-68.871,68.76],[-68.21,68.703],[-68.152,68.681],[-68.148,68.616],[-67.938,68.524],[-67.656,68.551],[-67.202,68.466],[-66.714,68.446],[-66.997,68.374],[-67.033,68.326],[-66.831,68.216],[-66.923,68.066],[-66.729,68.129],[-66.685,68.029],[-66.605,68.11],[-66.631,68.211],[-66.212,68.28],[-66.275,68.041],[-66.414,67.904],[-66.53,67.86],[-66.444,67.834],[-65.942,68.071],[-65.975,67.957],[-65.864,67.923],[-65.702,67.987],[-65.509,67.968],[-65.541,67.766],[-65.401,67.675],[-65.442,67.832],[-65.415,67.879],[-64.977,68.043],[-64.835,67.99],[-65.026,67.892],[-65.071,67.824],[-65.021,67.788],[-64.638,67.84],[-64.156,67.623],[-64.019,67.655],[-63.85,67.566],[-64.077,67.496],[-64.008,67.347],[-64.7,67.351],[-64.589,67.316],[-64.376,67.301],[-64.356,67.256],[-63.836,67.264],[-63.824,67.316],[-63.592,67.378],[-63.04,67.235],[-63.162,67.174],[-63.258,67.025],[-63.702,66.822],[-62.962,66.949],[-62.38,66.905],[-62.124,67.047],[-61.969,67.019],[-61.3,66.649],[-61.307,66.609],[-61.528,66.558],[-61.904,66.678],[-62.123,66.643],[-61.653,66.503],[-61.576,66.413],[-61.571,66.373],[-61.863,66.313],[-62.553,66.407],[-62.406,66.316],[-62.534,66.227],[-61.992,66.035],[-62.624,66.016],[-62.448,65.946],[-62.382,65.833],[-62.61,65.724],[-62.659,65.64],[-63.169,65.657],[-63.459,65.853],[-63.421,65.709],[-63.652,65.674],[-63.337,65.617],[-63.363,65.23],[-63.402,65.118],[-63.607,64.928],[-63.896,65.109],[-64.061,65.122],[-64.152,65.066],[-64.346,65.172],[-64.27,65.401],[-64.47,65.253],[-64.555,65.117],[-65.108,65.464],[-65.402,65.764],[-65.378,65.822],[-65.185,65.94],[-64.854,66.016],[-64.673,66.193],[-64.445,66.317],[-64.655,66.287],[-65.004,66.078],[-65.416,65.995],[-65.826,65.997],[-65.891,66.02],[-65.857,66.086],[-65.656,66.205],[-66.064,66.133],[-66.477,66.28],[-66.787,66.556],[-66.986,66.627],[-66.969,66.547],[-67.077,66.525],[-67.307,66.57],[-67.318,66.52],[-67.192,66.433],[-67.19,66.322],[-67.225,66.31],[-67.369,66.317],[-67.868,66.49],[-67.704,66.269],[-67.183,66.034],[-67.35,65.93],[-67.828,65.965],[-68.46,66.249],[-68.749,66.2],[-68.467,66.173],[-68.217,66.079],[-68.257,65.939],[-68.187,65.871],[-67.866,65.774],[-67.954,65.623],[-67.937,65.565],[-67.57,65.644],[-67.4,65.588],[-67.303,65.483],[-67.118,65.44],[-67.326,65.357],[-67.067,65.244],[-66.986,65.105],[-66.831,65.074],[-66.697,64.815],[-66.635,65],[-66.224,64.854],[-66.302,64.778],[-66.215,64.722],[-65.939,64.886],[-65.768,64.854],[-65.513,64.706],[-65.432,64.726],[-65.275,64.632],[-65.513,64.526],[-65.179,64.51],[-65.075,64.437],[-65.213,64.303],[-65.594,64.311],[-65.193,64.13],[-65.15,64.087],[-65.187,64.038],[-64.678,64.028],[-64.686,63.961],[-64.798,63.916],[-64.576,63.897],[-64.411,63.706],[-64.562,63.68],[-64.499,63.463],[-64.514,63.264],[-64.665,63.245],[-64.933,63.599],[-65.192,63.764],[-65.031,63.44],[-65.005,63.333],[-65.049,63.235],[-64.672,62.922],[-64.869,62.88],[-65.163,62.933],[-65.047,62.701],[-65.05,62.646],[-65.108,62.626],[-65.572,62.869],[-65.74,62.932],[-65.864,62.921],[-66.224,63.107],[-66.229,62.991],[-66.414,63.027],[-66.655,63.265],[-66.636,63.08],[-66.697,63.07],[-67,63.305],[-67.261,63.341],[-67.893,63.734],[-67.723,63.423],[-68.494,63.725],[-68.859,63.752],[-68.911,63.703],[-68.141,63.172],[-67.676,63.094],[-67.724,63.034],[-67.367,62.914],[-66.98,62.701],[-66.645,62.602],[-66.281,62.303],[-65.98,62.209],[-66.027,62.137],[-66.133,62.102],[-66.059,61.914],[-66.324,61.87],[-67.44,62.151],[-68.634,62.281],[-69.126,62.424],[-69.605,62.768],[-70.236,62.763],[-71.106,63.002],[-70.946,63.121],[-71.254,63.043],[-71.347,63.066],[-71.992,63.416],[-71.614,63.444],[-71.387,63.555],[-71.725,63.706],[-72.29,63.728],[-72.172,63.872],[-72.226,63.891],[-72.498,63.823],[-72.678,64.02],[-73.455,64.399],[-73.278,64.56],[-73.627,64.603],[-73.91,64.578],[-73.95,64.466],[-74.065,64.425],[-74.13,64.608],[-74.461,64.645],[-74.681,64.831],[-74.916,64.792],[-74.64,64.557],[-74.695,64.497],[-75.067,64.457],[-75.488,64.541],[-75.715,64.524],[-75.767,64.392],[-76.118,64.376],[-76.856,64.238],[-77.791,64.367],[-78.175,64.618],[-78.19,64.752],[-78.055,64.983],[-77.876,65.073],[-77.361,65.197],[-77.461,65.328],[-77.327,65.453],[-76.482,65.37],[-75.828,65.227],[-75.52,65.056],[-75.502,65.013],[-75.591,64.928],[-75.452,64.842],[-75.357,65.009],[-75.799,65.298],[-75.166,65.284],[-74.982,65.381],[-74.495,65.372],[-74.237,65.484],[-73.99,65.517],[-73.551,65.485],[-73.746,65.767],[-74.276,66.013],[-74.401,66.097],[-74.416,66.167],[-73.281,66.675],[-73.033,66.728],[-72.947,66.883],[-72.789,67.031],[-72.365,67.133],[-72.22,67.254],[-72.353,67.342],[-72.725,67.812],[-73.063,68.107],[-73.328,68.267],[-73.284,68.357],[-73.644,68.295],[-73.821,68.363],[-73.879,68.429],[-73.781,68.619],[-73.852,68.701],[-74.118,68.701],[-73.966,68.579],[-73.989,68.549],[-74.422,68.58],[-74.648,68.708],[-74.681,68.79],[-74.893,68.808],[-74.752,68.892],[-74.954,68.961],[-74.717,69.046],[-74.855,69.066],[-75.213,68.909],[-75.523,68.953],[-75.623,68.888],[-76.235,68.728],[-76.585,68.699],[-76.616,68.76],[-76.557,69.009],[-76.381,69.052],[-75.954,69.031],[-75.668,69.159],[-75.648,69.213],[-75.787,69.319],[-76.408,69.441],[-76.52,69.517],[-76.516,69.591],[-76.463,69.62],[-76.231,69.653],[-76.513,69.684],[-76.742,69.573],[-77.09,69.635],[-77.129,69.653],[-76.859,69.775],[-77.016,69.836],[-77.592,69.846],[-77.774,70.239],[-78.283,70.229],[-78.621,70.353],[-79.066,70.604],[-79.347,70.482],[-79.405,70.401],[-79.018,70.325],[-78.81,70.179],[-78.778,70.048],[-78.819,70.01],[-79.093,69.925],[-79.515,69.888],[-80.67,70.052],[-81.652,70.095],[-81.024,69.9],[-80.843,69.792],[-80.922,69.731],[-81.565,69.943],[-82.294,69.837],[-83.15,70.009],[-83.859,69.963],[-85.432,70.111],[-85.78,70.037],[-86.322,70.145],[-86.5,70.35],[-86.397,70.465],[-86.704,70.391],[-87.122,70.412],[-87.172,70.4],[-87.074,70.345],[-87.618,70.319],[-87.901,70.252],[-88.402,70.442],[-88.848,70.523],[-89.208,70.76],[-89.456,71.062],[-88.696,71.046],[-87.845,70.944],[-87.14,71.012],[-87.872,71.209],[-89.079,71.288],[-89.693,71.423],[-89.846,71.492],[-90.025,71.949],[-89.931,72.049],[-89.664,72.158],[-89.859,72.248],[-89.874,72.367],[-89.817,72.468],[-89.358,72.804],[-89.225,73.108],[-88.977,73.252],[-88.761,73.312],[-88.705,73.403],[-87.72,73.723],[-86.769,73.834],[-85.951,73.85],[-85.009,73.779],[-84.947,73.722],[-84.975,73.695],[-85.682,73.461],[-86.086,73.26],[-86.629,72.871],[-86.668,72.763],[-86.323,72.461],[-86.341,72.123],[-86.218,71.899],[-86.036,71.771],[-85.023,71.353],[-85.405,71.227],[-85.945,71.163],[-86.589,71.011]]]}},{"type":"Feature","properties":{},"geometry":{"type":"Polygon","coordinates":[[[-94.308,71.765],[-93.81,71.766],[-93.746,71.743],[-93.763,71.638],[-93.031,71.336],[-92.949,71.262],[-92.883,71.069],[-92.904,70.916],[-92.981,70.852],[-92.356,70.634],[-92.049,70.39],[-92.073,70.319],[-91.984,70.286],[-91.761,70.326],[-91.564,70.178],[-91.859,70.133],[-92.321,70.235],[-92.512,70.104],[-91.977,70.039],[-92.888,69.668],[-92.312,69.673],[-92.209,69.603],[-91.912,69.531],[-91.384,69.649],[-91.202,69.645],[-91.151,69.637],[-91.427,69.538],[-90.667,69.516],[-90.416,69.457],[-90.684,69.428],[-90.892,69.267],[-91.049,69.293],[-91.025,69.315],[-91.218,69.302],[-90.745,69.106],[-90.479,68.881],[-90.539,68.82],[-90.51,68.689],[-90.574,68.475],[-90.248,68.267],[-90.174,68.27],[-89.898,68.491],[-89.884,68.626],[-89.783,68.736],[-89.667,69.015],[-89.28,69.255],[-89.057,69.266],[-88.041,68.812],[-87.828,68.448],[-87.828,68.3],[-87.991,68.242],[-88.111,68.251],[-88.209,68.335],[-88.347,68.288],[-88.314,67.95],[-88.196,67.766],[-87.499,67.355],[-87.359,67.177],[-86.561,67.482],[-86.398,67.8],[-85.953,68.072],[-85.731,68.445],[-85.745,68.578],[-85.69,68.671],[-85.518,68.77],[-84.868,68.773],[-85.107,68.844],[-85.083,68.908],[-84.916,68.962],[-84.862,69.074],[-85.387,69.232],[-85.432,69.354],[-85.416,69.548],[-85.502,69.652],[-85.448,69.748],[-85.535,69.835],[-85.02,69.805],[-84.319,69.844],[-83.665,69.7],[-82.618,69.691],[-82.374,69.642],[-82.496,69.532],[-82.755,69.494],[-82.31,69.41],[-82.208,69.297],[-82.247,69.265],[-81.732,69.258],[-81.378,69.186],[-81.322,69.139],[-81.952,68.909],[-81.381,68.85],[-81.252,68.743],[-81.282,68.657],[-81.915,68.459],[-82.21,68.506],[-82.549,68.469],[-82.413,68.357],[-82.431,68.307],[-82.222,68.145],[-82.013,68.173],[-82.102,68.019],[-82.063,67.928],[-81.294,67.497],[-81.301,67.357],[-81.468,67.07],[-81.63,67.002],[-81.926,66.975],[-82.261,66.739],[-82.642,66.588],[-82.949,66.551],[-83.406,66.371],[-83.59,66.388],[-83.651,66.485],[-83.998,66.729],[-84.324,66.782],[-84.366,66.811],[-84.273,66.839],[-84.693,67.017],[-84.846,67.029],[-85.114,66.907],[-85.018,66.872],[-84.857,66.941],[-84.738,66.934],[-84.223,66.682],[-83.826,66.29],[-83.798,66.238],[-83.869,66.214],[-84.293,66.292],[-84.459,66.186],[-84.628,66.208],[-85.096,66.325],[-85.442,66.537],[-85.604,66.568],[-86.708,66.523],[-86.737,66.511],[-86.689,66.457],[-86.738,66.433],[-86.685,66.36],[-86.113,66.225],[-86.001,66.187],[-85.959,66.119],[-86.043,66.023],[-87.081,65.441],[-87.453,65.339],[-87.97,65.349],[-88.672,65.612],[-88.744,65.679],[-89.749,65.936],[-89.944,65.934],[-89.848,65.872],[-89.89,65.869],[-90.316,65.926],[-91.412,65.959],[-91.041,65.83],[-91.074,65.886],[-90.983,65.919],[-89.924,65.78],[-88.974,65.348],[-87.392,65.261],[-87.028,65.198],[-87.029,65.064],[-87.281,64.826],[-87.885,64.4],[-87.998,64.244],[-88.106,64.183],[-88.818,63.992],[-89.06,64.034],[-89.201,64.114],[-89.108,63.981],[-89.616,64.031],[-89.764,64.1],[-89.792,64.168],[-90.042,64.141],[-90.08,64.128],[-89.954,64.081],[-89.861,63.979],[-89.922,63.944],[-90.142,63.982],[-90.018,63.829],[-90.155,63.69],[-90.369,63.624],[-90.596,63.661],[-90.812,63.581],[-91.926,63.757],[-91.956,63.772],[-91.919,63.801],[-91.982,63.822],[-92.338,63.788],[-93.43,64.029],[-93.696,64.147],[-93.597,64.041],[-93.664,63.941],[-93.56,63.865],[-93.27,63.841],[-93.406,63.941],[-93.25,63.927],[-92.157,63.692],[-92.461,63.569],[-92.29,63.563],[-91.842,63.698],[-91.33,63.507],[-90.97,63.443],[-90.711,63.304],[-90.699,63.064],[-90.778,62.972],[-91.115,62.922],[-91.449,62.804],[-92.034,62.863],[-92.361,62.819],[-92.378,62.772],[-92.305,62.712],[-91.956,62.645],[-91.936,62.592],[-92.008,62.541],[-92.27,62.587],[-92.551,62.547],[-92.595,62.47],[-92.768,62.38],[-92.528,62.168],[-92.866,62.306],[-93.205,62.365],[-92.906,62.215],[-93.066,62.15],[-93.028,62.109],[-93.073,62.061],[-93.35,62.03],[-93.273,61.961],[-93.333,61.933],[-93.582,61.942],[-93.494,61.847],[-93.314,61.78],[-93.913,61.481],[-93.941,61.444],[-93.889,61.364],[-93.942,61.308],[-94.061,61.318],[-94.068,61.139],[-94.509,60.605],[-94.569,60.542],[-94.762,60.498],[-94.647,60.416],[-94.786,59.953],[-94.788,59.268],[-94.87,59.088],[-94.957,59.069],[-94.776,59.021],[-94.673,58.87],[-94.579,58.868],[-94.419,58.746],[-94.287,58.716],[-94.332,58.297],[-94.209,58.626],[-94.123,58.737],[-93.78,58.773],[-93.179,58.726],[-93.1,58.49],[-92.433,57.32],[-92.614,57.039],[-92.802,56.928],[-92.456,57.037],[-92.303,57.046],[-92.372,56.975],[-91.111,57.241],[-90.592,57.224],[-89.791,56.981],[-88.826,56.814],[-88.075,56.467],[-87.482,56.021],[-85.677,55.601],[-85.218,55.349],[-85.212,55.297],[-85.362,55.095],[-85.061,55.286],[-84.518,55.259],[-83.911,55.315],[-83.214,55.215],[-82.986,55.231],[-82.868,55.161],[-82.577,55.149],[-82.393,55.068],[-82.308,54.998],[-82.219,54.813],[-82.418,54.356],[-82.424,54.245],[-82.24,54.045],[-82.141,53.818],[-82.191,53.611],[-82.159,53.264],[-82.26,53.16],[-82.292,53.031],[-82.26,52.961],[-82.02,52.812],[-81.599,52.433],[-81.572,52.367],[-81.612,52.324],[-81.828,52.224],[-81.466,52.204],[-80.969,51.972],[-80.658,51.758],[-80.443,51.389],[-80.851,51.125],[-80.478,51.307],[-80.104,51.283],[-79.836,51.173],[-79.348,50.763],[-79.453,50.917],[-79.714,51.118],[-79.737,51.186],[-79.689,51.347],[-79.498,51.57],[-79.297,51.623],[-79.264,51.552],[-79.041,51.464],[-78.903,51.2],[-78.858,51.384],[-78.731,51.497],[-78.982,51.775],[-78.828,51.963],[-78.448,52.261],[-78.513,52.291],[-78.557,52.492],[-78.744,52.655],[-78.766,52.76],[-78.722,52.856],[-78.898,53.043],[-79.1,53.657],[-79.113,53.717],[-79.04,53.818],[-78.946,53.832],[-79.075,53.932],[-78.996,54.002],[-79.242,54.099],[-79.139,54.157],[-79.356,54.263],[-79.598,54.602],[-79.714,54.655],[-78.475,55.011],[-77.775,55.291],[-77.165,55.664],[-76.762,55.996],[-76.604,56.2],[-76.53,56.5],[-76.573,57.181],[-76.891,57.758],[-77.157,58.019],[-77.552,58.24],[-78.014,58.399],[-78.506,58.649],[-78.502,58.769],[-78.431,58.902],[-78.068,59.2],[-77.761,59.38],[-77.859,59.476],[-77.749,59.558],[-77.748,59.658],[-77.59,59.681],[-77.349,59.579],[-77.485,59.685],[-77.332,59.797],[-77.373,59.925],[-77.289,60.022],[-77.586,60.088],[-77.461,60.133],[-77.681,60.427],[-77.504,60.543],[-77.715,60.578],[-77.791,60.64],[-77.661,60.79],[-77.59,60.809],[-78.181,60.819],[-77.765,61.158],[-77.736,61.437],[-77.514,61.556],[-78.021,61.832],[-78.137,62.107],[-78.133,62.282],[-77.9,62.427],[-77.372,62.573],[-76.879,62.525],[-75.817,62.316],[-75.676,62.25],[-75.809,62.193],[-75.341,62.312],[-75.023,62.264],[-74.633,62.116],[-74.69,62.183],[-74.646,62.211],[-73.705,62.473],[-72.882,62.125],[-72.687,62.125],[-72.632,62.027],[-72.772,61.84],[-72.506,61.923],[-72.226,61.832],[-72.04,61.68],[-72.247,61.602],[-72.216,61.587],[-71.866,61.689],[-71.638,61.617],[-71.605,61.592],[-71.656,61.551],[-71.841,61.466],[-71.794,61.421],[-71.645,61.413],[-71.743,61.337],[-71.423,61.159],[-70.723,61.055],[-70.279,61.069],[-70.158,61.021],[-70.095,60.88],[-69.992,60.856],[-69.708,60.915],[-69.624,61.05],[-69.472,61.011],[-69.405,60.847],[-69.64,60.69],[-69.751,60.487],[-69.741,60.332],[-69.633,60.22],[-69.674,60.076],[-69.963,60.018],[-70.655,60.026],[-70.62,59.984],[-69.734,59.918],[-69.63,59.822],[-69.579,59.675],[-69.692,59.488],[-69.682,59.342],[-69.344,59.303],[-69.45,59.18],[-69.414,59.087],[-69.532,58.869],[-69.648,58.821],[-69.784,58.956],[-69.868,58.856],[-70.16,58.789],[-69.79,58.689],[-69.271,58.884],[-68.698,58.905],[-68.381,58.744],[-68.229,58.485],[-68.357,58.163],[-68.468,58.076],[-69.035,57.926],[-68.414,58.052],[-68.289,58.178],[-68.176,58.403],[-68.111,58.473],[-68.021,58.485],[-67.888,58.296],[-68.064,58.139],[-67.856,58.273],[-67.756,58.405],[-67.69,58.244],[-67.698,58.009],[-67.57,58.213],[-67.019,58.433],[-66.722,58.491],[-66.362,58.791],[-66.237,58.772],[-66.091,58.659],[-66.017,58.431],[-65.923,58.572],[-66.043,58.821],[-65.855,58.847],[-65.918,58.896],[-65.841,58.977],[-65.704,58.971],[-65.695,59.032],[-65.396,59.038],[-65.64,59.128],[-65.7,59.213],[-65.607,59.213],[-65.513,59.35],[-65.412,59.315],[-65.489,59.448],[-65.35,59.479],[-65.038,59.388],[-65.407,59.539],[-65.486,59.649],[-65.433,59.777],[-65.289,59.818],[-65.028,59.771],[-65.159,59.83],[-65.172,59.908],[-64.931,60.252],[-64.817,60.331],[-64.499,60.268],[-64.42,60.171],[-64.768,60.012],[-64.283,60.064],[-64.183,59.973],[-64.169,59.847],[-64.226,59.741],[-64.056,59.823],[-63.929,59.645],[-63.75,59.513],[-63.971,59.409],[-63.945,59.38],[-63.781,59.349],[-63.776,59.277],[-63.637,59.341],[-63.54,59.333],[-63.415,59.194],[-63.646,59.079],[-63.971,59.054],[-63.794,59.027],[-63.248,59.068],[-63.304,59.034],[-63.216,58.928],[-63.282,58.867],[-63.05,58.878],[-62.874,58.672],[-63.39,58.453],[-63.537,58.33],[-63.21,58.467],[-63.12,58.442],[-63.132,58.411],[-62.608,58.496],[-62.674,58.319],[-62.812,58.2],[-63.262,58.015],[-62.818,58.129],[-62.486,58.154],[-62.306,57.972],[-61.959,57.912],[-61.899,57.861],[-61.995,57.769],[-61.931,57.669],[-61.968,57.612],[-62.339,57.485],[-62.496,57.489],[-61.921,57.421],[-61.851,57.381],[-61.977,57.248],[-61.629,57.183],[-61.334,57.011],[-61.39,56.853],[-61.372,56.681],[-61.532,56.655],[-62.062,56.699],[-62.366,56.767],[-62.296,56.833],[-62.497,56.802],[-62.396,56.73],[-61.738,56.526],[-62.01,56.454],[-61.94,56.424],[-61.425,56.361],[-61.707,56.289],[-61.713,56.231],[-61.365,56.216],[-61.301,56.047],[-61.449,56.022],[-61.351,55.974],[-61.188,55.955],[-61.089,55.866],[-60.996,55.862],[-60.832,55.958],[-60.743,55.941],[-60.737,55.887],[-60.593,55.815],[-60.562,55.727],[-60.476,55.805],[-60.341,55.785],[-60.408,55.65],[-60.192,55.481],[-60.361,55.366],[-60.45,55.2],[-60.617,55.06],[-60.213,55.236],[-59.759,55.31],[-59.696,55.269],[-59.689,55.196],[-59.438,55.176],[-59.742,54.943],[-59.838,54.814],[-59.26,55.2],[-58.997,55.149],[-58.78,54.838],[-58.398,54.774],[-58.223,54.813],[-58.195,54.866],[-57.962,54.876],[-57.929,54.773],[-57.827,54.719],[-57.404,54.591],[-57.563,54.44],[-57.699,54.387],[-58.151,54.35],[-58.22,54.286],[-58.435,54.228],[-58.633,54.05],[-58.92,54.033],[-59.497,53.834],[-59.823,53.834],[-60.057,53.733],[-60.145,53.596],[-60.395,53.653],[-60.1,53.487],[-60.29,53.391],[-60.306,53.36],[-60.251,53.344],[-60.346,53.289],[-60.148,53.307],[-59.829,53.505],[-59.322,53.644],[-58.652,53.978],[-57.936,54.091],[-58.317,54.114],[-58.361,54.154],[-58.31,54.202],[-58.192,54.228],[-57.416,54.163],[-57.135,53.792],[-57.524,53.611],[-57.386,53.561],[-57.332,53.469],[-56.841,53.739],[-56.524,53.766],[-56.465,53.765],[-56.354,53.624],[-56.11,53.588],[-55.966,53.471],[-55.798,53.212],[-55.892,53],[-55.83,52.878],[-55.873,52.736],[-55.803,52.643],[-56.325,52.545],[-55.746,52.475],[-55.706,52.428],[-55.777,52.364],[-56.012,52.394],[-55.691,52.242],[-55.673,52.19],[-56.017,51.929],[-56.976,51.458],[-57.462,51.469],[-57.77,51.426],[-58.089,51.311],[-58.51,51.295],[-59.165,50.78],[-59.612,50.492],[-59.815,50.418],[-59.886,50.316],[-60.08,50.255],[-60.807,50.25],[-61.725,50.104],[-61.92,50.233],[-62.715,50.302],[-63.136,50.294],[-63.239,50.243],[-63.854,50.314],[-64.17,50.269],[-65.269,50.32],[-65.762,50.259],[-65.955,50.294],[-66.126,50.201],[-66.496,50.212],[-66.941,49.994],[-67.234,49.602],[-67.262,49.451],[-67.372,49.348],[-68.282,49.197],[-68.221,49.15],[-68.544,49.056],[-68.669,48.94],[-68.929,48.829],[-69.231,48.574],[-69.375,48.386],[-69.674,48.199],[-69.852,48.207],[-70.384,48.367],[-71.018,48.456],[-70.839,48.367],[-70.501,48.354],[-69.971,48.206],[-69.775,48.098],[-69.994,47.74],[-70.448,47.423],[-70.706,47.14],[-71.116,46.925],[-71.268,46.796],[-71.757,46.674],[-71.88,46.687],[-72.205,46.559],[-72.257,46.485],[-72.68,46.287],[-72.981,46.21],[-73.022,46.12],[-73.145,46.066],[-73.477,45.738],[-73.712,45.711],[-74.038,45.502],[-74.315,45.531],[-74,45.433],[-73.974,45.345],[-74.358,45.206],[-74.709,45.004],[-74.05,45.241],[-73.765,45.395],[-73.558,45.425],[-73.465,45.632],[-73.16,46.01],[-72.733,46.182],[-72.109,46.551],[-71.261,46.756],[-70.519,47.033],[-70.07,47.378],[-69.471,47.967],[-68.816,48.366],[-68.238,48.626],[-66.598,49.126],[-66.178,49.213],[-65.523,49.266],[-64.836,49.192],[-64.568,49.105],[-64.216,48.874],[-64.209,48.806],[-64.514,48.841],[-64.246,48.691],[-64.254,48.55],[-64.349,48.423],[-64.633,48.36],[-64.822,48.196],[-65.259,48.021],[-65.476,48.031],[-65.927,48.189],[-66.083,48.103],[-66.449,48.12],[-66.704,48.022],[-66.36,48.061],[-65.849,47.911],[-65.607,47.67],[-65.002,47.847],[-65.046,47.793],[-64.874,47.797],[-64.703,47.725],[-64.852,47.57],[-64.912,47.369],[-65.319,47.101],[-65.192,47.05],[-65.042,47.089],[-64.831,47.061],[-64.906,46.888],[-64.817,46.699],[-64.726,46.671],[-64.648,46.356],[-64.557,46.311],[-64.542,46.24],[-63.916,46.166],[-63.832,46.107],[-64.056,46.021],[-63.703,45.858],[-63.509,45.875],[-63.293,45.752],[-63.108,45.782],[-62.701,45.741],[-62.75,45.648],[-62.483,45.622],[-61.956,45.868],[-61.877,45.714],[-61.777,45.656],[-61.492,45.687],[-61.35,45.574],[-61.282,45.441],[-61.461,45.367],[-61.107,45.349],[-61.032,45.292],[-61.101,45.233],[-61.284,45.235],[-63.306,44.643],[-63.604,44.683],[-63.545,44.544],[-63.61,44.48],[-63.821,44.511],[-64,44.645],[-64.101,44.487],[-64.167,44.587],[-64.286,44.55],[-64.339,44.445],[-64.276,44.334],[-64.378,44.304],[-64.862,43.868],[-65.087,43.727],[-65.235,43.727],[-65.33,43.668],[-65.344,43.55],[-65.429,43.561],[-65.482,43.518],[-65.738,43.561],[-65.887,43.795],[-65.978,43.815],[-66.038,43.742],[-66.126,43.814],[-66.193,44.144],[-66.1,44.367],[-65.868,44.569],[-65.942,44.576],[-66.146,44.436],[-66.091,44.505],[-65.917,44.615],[-65.616,44.68],[-65.502,44.76],[-65.728,44.697],[-64.903,45.121],[-64.449,45.256],[-64.407,45.306],[-64.448,45.337],[-64.331,45.309],[-64.354,45.138],[-64.235,45.114],[-64.135,45.023],[-64.183,45.147],[-64.093,45.217],[-63.368,45.365],[-64.6,45.41],[-64.747,45.324],[-64.873,45.355],[-64.913,45.375],[-64.827,45.476],[-64.56,45.625],[-64.315,45.836],[-64.482,45.806],[-64.633,45.947],[-64.594,45.814],[-64.779,45.638],[-64.898,45.626],[-65.884,45.223],[-66.11,45.317],[-66.027,45.418],[-66.183,45.335],[-66.107,45.257],[-66.144,45.228],[-66.44,45.096],[-66.511,45.143],[-66.872,45.067],[-66.919,45.146],[-67.125,45.169],[-67.08,44.989],[-67.107,44.885],[-66.987,44.828],[-67.191,44.676],[-67.364,44.697],[-67.556,44.645],[-67.653,44.562],[-67.839,44.576],[-67.907,44.454],[-67.963,44.464],[-68.057,44.384],[-68.152,44.502],[-68.277,44.507],[-68.374,44.445],[-68.451,44.508],[-68.533,44.259],[-68.812,44.339],[-68.71,44.443],[-68.777,44.446],[-68.763,44.571],[-68.961,44.434],[-68.956,44.348],[-69.068,44.098],[-69.226,43.986],[-69.345,44.001],[-69.521,43.897],[-69.542,43.963],[-69.624,43.881],[-69.653,43.994],[-69.73,43.852],[-69.772,43.899],[-69.803,43.867],[-69.808,43.772],[-69.873,43.82],[-69.974,43.788],[-69.965,43.855],[-70.179,43.766],[-70.269,43.672],[-70.203,43.626],[-70.521,43.349],[-70.642,43.134],[-70.733,43.07],[-70.829,42.825],[-70.736,42.669],[-70.624,42.672],[-70.613,42.623],[-70.831,42.553],[-71.046,42.331],[-70.738,42.229],[-70.618,42.04],[-70.656,41.987],[-70.549,41.939],[-70.515,41.803],[-70.427,41.757],[-70.295,41.729],[-70.001,41.826],[-70.11,42.03],[-70.237,42.071],[-70.109,42.078],[-69.978,41.961],[-69.949,41.677],[-70.405,41.627],[-70.657,41.534],[-70.666,41.71],[-70.701,41.715],[-70.974,41.549],[-71.169,41.489],[-71.204,41.641],[-71.149,41.746],[-71.271,41.681],[-71.39,41.795],[-71.364,41.703],[-71.427,41.633],[-71.444,41.454],[-71.523,41.379],[-72.479,41.276],[-72.925,41.285],[-73.583,41.022],[-73.987,40.751],[-73.872,41.055],[-73.882,41.171],[-73.97,41.25],[-73.918,41.136],[-73.927,40.914],[-74.264,40.529],[-74.242,40.456],[-73.998,40.452],[-73.972,40.4],[-74.08,39.788],[-74.065,39.993],[-74.257,39.614],[-74.331,39.536],[-74.407,39.549],[-74.429,39.387],[-74.579,39.316],[-74.794,39.002],[-74.923,38.941],[-74.954,38.95],[-74.897,39.145],[-75.136,39.208],[-75.524,39.49],[-75.524,39.602],[-75.422,39.79],[-75.154,39.871],[-75.074,39.983],[-75.173,39.895],[-75.464,39.781],[-75.588,39.641],[-75.574,39.477],[-75.413,39.281],[-75.392,39.093],[-75.31,38.967],[-75.185,38.819],[-75.089,38.778],[-75.128,38.632],[-75.187,38.591],[-75.073,38.579],[-75.039,38.426],[-75.051,38.383],[-75.117,38.406],[-75.16,38.255],[-75.225,38.242],[-75.354,38.065],[-75.596,37.631],[-75.587,37.559],[-75.812,37.425],[-75.934,37.152],[-75.997,37.264],[-75.975,37.398],[-75.888,37.619],[-75.659,37.954],[-75.851,37.972],[-75.795,38.087],[-75.928,38.169],[-75.859,38.362],[-76.051,38.28],[-76.212,38.361],[-76.295,38.495],[-76.264,38.6],[-76.001,38.602],[-76.213,38.758],[-76.278,38.772],[-76.341,38.71],[-76.3,38.818],[-76.168,38.853],[-76.241,38.943],[-76.331,38.909],[-76.313,39.009],[-76.186,38.991],[-76.135,39.082],[-76.133,39.123],[-76.217,39.064],[-76.236,39.192],[-76.074,39.369],[-75.876,39.376],[-76.003,39.411],[-75.873,39.511],[-75.97,39.505],[-75.959,39.585],[-76.063,39.561],[-76.097,39.433],[-76.216,39.38],[-76.248,39.439],[-76.276,39.323],[-76.331,39.404],[-76.421,39.225],[-76.57,39.269],[-76.428,39.126],[-76.473,39.031],[-76.546,39.068],[-76.494,38.945],[-76.537,38.743],[-76.501,38.532],[-76.394,38.369],[-76.572,38.436],[-76.677,38.612],[-76.669,38.538],[-76.642,38.454],[-76.409,38.268],[-76.341,38.087],[-76.454,38.174],[-76.769,38.263],[-76.868,38.39],[-76.89,38.292],[-77.001,38.445],[-77.233,38.408],[-77.221,38.541],[-77.018,38.778],[-77.03,38.889],[-77.046,38.776],[-77.26,38.6],[-77.314,38.397],[-77.232,38.34],[-77.047,38.357],[-76.906,38.197],[-76.55,38.094],[-76.264,37.894],[-76.344,37.676],[-76.492,37.682],[-76.94,38.095],[-77.111,38.166],[-76.549,37.669],[-76.306,37.571],[-76.368,37.53],[-76.269,37.495],[-76.263,37.357],[-76.401,37.386],[-76.393,37.3],[-76.454,37.274],[-76.758,37.505],[-76.611,37.323],[-76.327,37.149],[-76.283,37.053],[-76.401,36.991],[-76.602,37.143],[-76.631,37.222],[-77.007,37.318],[-77.251,37.329],[-76.672,37.173],[-76.634,37.047],[-76.505,36.961],[-76.488,36.897],[-76.244,36.953],[-75.999,36.913],[-75.758,36.229],[-75.534,35.819],[-75.728,36.104],[-75.946,36.659],[-75.993,36.474],[-75.82,36.113],[-76.148,36.279],[-76.15,36.146],[-76.271,36.19],[-76.227,36.116],[-76.384,36.134],[-76.479,36.028],[-76.559,36.015],[-76.679,36.075],[-76.734,36.229],[-76.726,35.958],[-76.07,35.97],[-76.084,35.691],[-76.001,35.722],[-75.979,35.896],[-75.854,35.96],[-75.759,35.843],[-75.774,35.647],[-76.174,35.354],[-76.49,35.397],[-76.577,35.532],[-76.634,35.453],[-76.741,35.431],[-77.04,35.527],[-76.974,35.458],[-76.513,35.27],[-76.628,35.073],[-76.779,34.99],[-77.07,35.155],[-76.975,35.025],[-76.745,34.941],[-76.457,34.989],[-76.362,34.937],[-76.44,34.843],[-76.733,34.707],[-77.134,34.708],[-77.296,34.603],[-77.358,34.62],[-77.412,34.731],[-77.38,34.527],[-77.751,34.285],[-77.861,34.149],[-77.928,33.94],[-77.953,34.169],[-78.013,33.912],[-78.406,33.918],[-78.841,33.724],[-79.138,33.406],[-79.194,33.244],[-79.238,33.312],[-79.226,33.405],[-79.281,33.315],[-79.229,33.185],[-79.276,33.135],[-79.587,33.001],[-79.615,32.909],[-79.805,32.787],[-79.933,32.81],[-79.894,32.729],[-79.941,32.667],[-80.363,32.501],[-80.634,32.512],[-80.474,32.423],[-80.486,32.352],[-80.579,32.287],[-80.647,32.396],[-80.683,32.349],[-80.803,32.448],[-80.798,32.363],[-80.694,32.216],[-80.849,32.114],[-80.923,31.945],[-81.113,31.879],[-81.065,31.813],[-81.198,31.704],[-81.17,31.61],[-81.259,31.539],[-81.175,31.531],[-81.295,31.371],[-81.381,31.353],[-81.288,31.264],[-81.365,31.172],[-81.442,31.2],[-81.46,31.127],[-81.516,30.802],[-81.25,29.794],[-80.9,29.05],[-80.524,28.486],[-80.585,28.272],[-80.457,27.901],[-80.61,28.178],[-80.607,28.523],[-80.694,28.345],[-80.732,28.463],[-80.688,28.579],[-80.766,28.633],[-80.809,28.759],[-80.749,28.381],[-80.226,27.207],[-80.126,27.083],[-80.05,26.808],[-80.126,25.833],[-80.143,25.874],[-80.301,25.619],[-80.367,25.331],[-80.485,25.23],[-80.737,25.156],[-81.11,25.138],[-81.167,25.229],[-81.136,25.31],[-80.965,25.224],[-80.94,25.264],[-81.113,25.367],[-81.365,25.831],[-81.715,25.983],[-81.811,26.146],[-81.867,26.435],[-81.959,26.49],[-81.829,26.687],[-81.97,26.552],[-82.04,26.552],[-82.067,26.892],[-82.013,26.962],[-82.181,26.937],[-82.181,26.84],[-82.29,26.871],[-82.715,27.5],[-82.636,27.525],[-82.401,27.835],[-82.446,27.903],[-82.498,27.868],[-82.636,27.981],[-82.675,27.964],[-82.597,27.873],[-82.661,27.718],[-82.743,27.709],[-82.844,27.846],[-82.661,28.486],[-82.651,28.888],[-82.769,29.052],[-83.29,29.452],[-83.694,29.926],[-84.044,30.104],[-84.31,30.065],[-84.383,29.907],[-84.55,29.898],[-84.801,29.773],[-85.319,29.68],[-85.414,29.768],[-85.414,29.842],[-85.336,29.74],[-85.307,29.798],[-85.354,29.876],[-85.676,30.122],[-85.623,30.117],[-85.663,30.189],[-85.604,30.287],[-85.741,30.244],[-85.756,30.167],[-86.454,30.399],[-86.124,30.406],[-86.257,30.493],[-86.448,30.496],[-86.68,30.403],[-87.201,30.339],[-86.986,30.431],[-86.998,30.57],[-87.072,30.5],[-87.171,30.539],[-87.281,30.339],[-87.476,30.294],[-87.448,30.394],[-87.622,30.265],[-88.006,30.231],[-87.79,30.292],[-87.924,30.45],[-87.923,30.562],[-88.011,30.694],[-88.135,30.367],[-88.692,30.355],[-88.905,30.415],[-89.321,30.345],[-89.444,30.223],[-89.588,30.166],[-89.954,30.269],[-90.126,30.369],[-90.225,30.379],[-90.332,30.278],[-90.413,30.14],[-90.175,30.029],[-89.737,30.172],[-89.668,30.145],[-89.815,30.007],[-89.744,29.93],[-89.632,29.904],[-89.494,30.058],[-89.401,30.046],[-89.363,29.84],[-89.531,29.772],[-89.591,29.725],[-89.559,29.698],[-89.662,29.684],[-89.721,29.619],[-89.514,29.42],[-89.181,29.336],[-89.016,29.203],[-89.021,29.143],[-89.156,29.017],[-89.236,29.081],[-89.376,28.981],[-89.354,29.07],[-89.443,29.194],[-89.62,29.302],[-89.792,29.333],[-89.877,29.458],[-90.159,29.537],[-90.052,29.431],[-90.136,29.136],[-90.213,29.105],[-90.302,29.256],[-90.502,29.3],[-90.751,29.131],[-91.29,29.289],[-91.237,29.331],[-91.151,29.318],[-91.244,29.457],[-91.249,29.564],[-91.331,29.514],[-91.514,29.555],[-91.672,29.746],[-91.824,29.751],[-91.893,29.836],[-92.135,29.699],[-92.059,29.617],[-92.084,29.593],[-92.261,29.557],[-92.671,29.597],[-93.176,29.779],[-93.695,29.77],[-93.826,29.725],[-93.884,29.81],[-93.809,29.851],[-93.769,29.952],[-93.841,29.98],[-93.946,29.815],[-93.89,29.689],[-94.1,29.67],[-94.76,29.384],[-94.526,29.548],[-94.778,29.548],[-94.724,29.655],[-94.742,29.75],[-94.832,29.753],[-94.89,29.677],[-95.023,29.702],[-94.993,29.531],[-94.888,29.371],[-95.139,29.168],[-95.152,29.079],[-95.273,28.964],[-95.853,28.64],[-96.235,28.489],[-96.011,28.632],[-96.373,28.657],[-96.449,28.594],[-96.576,28.716],[-96.64,28.709],[-96.525,28.489],[-96.421,28.457],[-96.676,28.341],[-96.774,28.422],[-96.84,28.194],[-96.892,28.158],[-96.933,28.224],[-97.156,28.144],[-97.141,28.061],[-97.034,28.094],[-97.073,27.986],[-97.171,27.88],[-97.431,27.837],[-97.289,27.671],[-97.439,27.328],[-97.524,27.314],[-97.768,27.458],[-97.692,27.287],[-97.485,27.237],[-97.476,27.118],[-97.555,26.967],[-97.435,26.486],[-97.214,26.068],[-97.14,26.03],[-97.164,25.755],[-97.507,25.015],[-97.668,24.39],[-97.743,23.761],[-97.745,22.942],[-97.858,22.625],[-97.763,22.106],[-97.585,21.809],[-97.315,21.564],[-97.409,21.273],[-97.434,21.356],[-97.383,21.567],[-97.59,21.762],[-97.754,22.027],[-97.638,21.604],[-97.515,21.478],[-97.186,20.717],[-96.456,19.87],[-96.29,19.344],[-95.985,19.054],[-95.913,18.897],[-95.778,18.806],[-95.928,18.85],[-95.92,18.82],[-95.627,18.691],[-95.578,18.69],[-95.72,18.768],[-95.182,18.701],[-95.015,18.571],[-94.798,18.515],[-94.546,18.175],[-94.46,18.167],[-94.189,18.195],[-93.552,18.43],[-93.127,18.423],[-92.885,18.469],[-92.769,18.524],[-92.71,18.612],[-92.441,18.675],[-91.974,18.716],[-91.88,18.638],[-91.943,18.563],[-91.914,18.529],[-91.803,18.471],[-91.534,18.457],[-91.275,18.624],[-91.279,18.721],[-91.368,18.806],[-91.334,18.877],[-91.446,18.833],[-91.437,18.89],[-90.955,19.152],[-90.739,19.352],[-90.693,19.73],[-90.492,19.947],[-90.484,20.556],[-90.353,21.009],[-89.82,21.275],[-88.879,21.414],[-88.467,21.569],[-88.007,21.604],[-87.251,21.447],[-87.164,21.514],[-87.188,21.546],[-87.387,21.551],[-87.128,21.621],[-87.035,21.592],[-86.824,21.422],[-86.772,21.151],[-86.816,21.005],[-86.926,20.786],[-87.221,20.507],[-87.421,20.231],[-87.467,20.102],[-87.442,19.862],[-87.586,19.779],[-87.688,19.637],[-87.645,19.554],[-87.425,19.583],[-87.483,19.444],[-87.659,19.352],[-87.656,19.258],[-87.551,19.321],[-87.501,19.288],[-87.853,18.269],[-88.056,18.524],[-88.032,18.839],[-88.197,18.72],[-88.195,18.643],[-88.349,18.359],[-88.13,18.351],[-88.085,18.226],[-88.272,17.61],[-88.203,17.517],[-88.289,17.313],[-88.262,16.963],[-88.313,16.633],[-88.562,16.29],[-88.695,16.248],[-88.879,16.017],[-88.894,15.891],[-88.603,15.764],[-88.536,15.85],[-88.598,15.927],[-88.131,15.701],[-87.875,15.879],[-87.702,15.911],[-87.618,15.91],[-87.487,15.79],[-87.286,15.834],[-86.907,15.762],[-86.357,15.783],[-85.936,15.953],[-85.986,16.024],[-85.484,15.9],[-85.164,15.918],[-84.974,15.99],[-84.646,15.884],[-84.56,15.802],[-84.44,15.813],[-84.52,15.873],[-84.261,15.823],[-83.765,15.405],[-83.973,15.52],[-84.111,15.492],[-84.095,15.401],[-83.927,15.394],[-83.76,15.22],[-83.59,15.266],[-83.498,15.222],[-83.676,15.365],[-83.369,15.24],[-83.291,15.079],[-83.158,14.993],[-83.28,14.813],[-83.344,14.902],[-83.414,14.825],[-83.299,14.749],[-83.188,14.34],[-83.412,13.996],[-83.494,13.739],[-83.567,13.32],[-83.511,12.412],[-83.596,12.396],[-83.627,12.459],[-83.593,12.713],[-83.625,12.613],[-83.754,12.502],[-83.651,12.287],[-83.68,12.024],[-83.767,12.059],[-83.769,11.932],[-83.829,11.861],[-83.705,11.825],[-83.652,11.642],[-83.745,11.567],[-83.868,11.3],[-83.832,11.131],[-83.714,10.934],[-83.617,10.877],[-83.347,10.315],[-82.778,9.67],[-82.61,9.616],[-82.371,9.429],[-82.34,9.209],[-82.205,9.215],[-82.244,9.031],[-82.078,8.935],[-81.78,8.957],[-81.9,9.111],[-81.842,9.119],[-81.546,8.827],[-81.355,8.781],[-81.063,8.813],[-80.839,8.887],[-80.547,9.082],[-80.127,9.21],[-79.577,9.598],[-79.112,9.537],[-78.932,9.428],[-78.504,9.406],[-78.083,9.236],[-77.831,9.068],[-77.697,8.889],[-77.344,8.637],[-77.262,8.494],[-76.852,8.09],[-76.912,8.033],[-76.897,7.939],[-76.787,7.932],[-76.742,8.002],[-76.772,8.311],[-76.819,8.465],[-76.92,8.574],[-76.277,8.989],[-76.135,9.266],[-76.027,9.366],[-75.905,9.431],[-75.639,9.45],[-75.604,9.538],[-75.68,9.73],[-75.593,9.993],[-75.596,10.126],[-75.539,10.205],[-75.558,10.236],[-75.708,10.143],[-75.554,10.328],[-75.446,10.611],[-75.248,10.783],[-74.845,11.11],[-74.454,10.989],[-74.33,10.997],[-74.492,10.934],[-74.516,10.863],[-74.401,10.765],[-74.143,11.321],[-73.677,11.271],[-73.313,11.296],[-72.722,11.712],[-72.275,11.889],[-72.136,12.189],[-71.97,12.238],[-71.715,12.42],[-71.597,12.434],[-71.262,12.335],[-71.155,12.164],[-71.137,12.046],[-71.415,11.755],[-71.957,11.57],[-71.947,11.414],[-71.835,11.19],[-71.642,11.014],[-71.731,10.995],[-71.594,10.657],[-71.665,10.444],[-71.956,10.108],[-72.113,9.816],[-71.976,9.553],[-71.761,9.336],[-71.74,9.134],[-71.62,9.048],[-71.241,9.16],[-71.086,9.348],[-71.053,9.706],[-71.082,9.833],[-71.262,10.144],[-71.387,10.264],[-71.494,10.533],[-71.545,10.779],[-71.461,10.836],[-71.47,10.964],[-71.264,11],[-70.821,11.208],[-70.233,11.373],[-70.097,11.52],[-69.885,11.444],[-69.805,11.474],[-69.773,11.541],[-69.817,11.672],[-70.193,11.625],[-70.287,11.886],[-70.203,12.098],[-70.004,12.178],[-69.86,12.054],[-69.762,11.676],[-69.632,11.48],[-69.233,11.518],[-68.828,11.432],[-68.399,11.161],[-68.272,10.88],[-68.325,10.809],[-68.296,10.689],[-68.14,10.493],[-67.872,10.472],[-66.989,10.611],[-66.247,10.632],[-66.106,10.575],[-66.09,10.473],[-65.852,10.258],[-65.129,10.07],[-64.85,10.098],[-64.188,10.458],[-63.834,10.449],[-63.732,10.503],[-63.863,10.558],[-64.158,10.579],[-64.248,10.543],[-64.298,10.635],[-63.497,10.643],[-62.702,10.75],[-62.242,10.7],[-61.879,10.741],[-61.921,10.681],[-62.233,10.634],[-62.38,10.547],[-62.914,10.531],[-62.843,10.507],[-62.843,10.418],[-62.686,10.29],[-62.662,10.199],[-62.741,10.056],[-62.6,10.117],[-62.6,10.217],[-62.55,10.2],[-62.32,9.783],[-62.221,9.883],[-62.153,9.822],[-62.147,9.953],[-62.077,9.975],[-61.909,9.87],[-61.736,9.631],[-61.766,9.814],[-61.625,9.816],[-61.589,9.895],[-61.309,9.633],[-61.013,9.556],[-60.792,9.361],[-60.841,9.264],[-61.023,9.155],[-61.247,8.6],[-61.619,8.597],[-61.304,8.41],[-61.194,8.488],[-61.036,8.493],[-60.801,8.592],[-60.481,8.547],[-60.34,8.629],[-60.167,8.617],[-59.981,8.533],[-59.837,8.374],[-59.666,8.363],[-59.2,8.075],[-58.812,7.736],[-58.477,7.326],[-58.481,7.038],[-58.583,6.844],[-58.613,6.503],[-58.673,6.391],[-58.594,6.452],[-58.569,6.627],[-58.415,6.851],[-58.298,6.879],[-57.983,6.786],[-57.608,6.45],[-57.54,6.332],[-57.344,6.272],[-57.228,6.178],[-57.167,5.885],[-57.182,5.529],[-57.057,5.939],[-56.97,5.993],[-56.236,5.885],[-55.94,5.795],[-55.898,5.699],[-55.91,5.893],[-55.828,5.962],[-54.834,5.988],[-54.356,5.91],[-54.054,5.808],[-54.046,5.609],[-54.156,5.359],[-54.085,5.412],[-53.99,5.676],[-53.92,5.769],[-53.847,5.782],[-53.454,5.563],[-52.899,5.425],[-52.454,5.021],[-52.291,4.942],[-52.325,4.771],[-52.22,4.863],[-52.058,4.717],[-51.962,4.514],[-52.003,4.352],[-51.928,4.436],[-51.88,4.634],[-51.828,4.636],[-51.666,4.229],[-51.653,4.061],[-51.547,4.311],[-51.462,4.314],[-51.327,4.225],[-51.22,4.094],[-51.076,3.672],[-50.994,3.078],[-50.679,2.21],[-50.714,2.134],[-50.609,2.104],[-50.459,1.83],[-50.188,1.786],[-49.957,1.66],[-49.882,1.42],[-49.899,1.163],[-50.294,0.836],[-50.755,0.223],[-50.967,0.13],[-51.102,-0.031],[-51.283,-0.085],[-51.404,-0.393],[-51.703,-0.762],[-51.721,-1.018],[-51.922,-1.181],[-51.981,-1.368],[-52.02,-1.399],[-52.229,-1.362],[-52.664,-1.552],[-52.31,-1.56],[-52.197,-1.64],[-51.948,-1.587],[-51.297,-1.224],[-50.895,-0.938],[-50.838,-1.039],[-50.918,-1.115],[-50.845,-1.226],[-50.786,-1.49],[-50.679,-1.644],[-50.69,-1.762],[-50.403,-2.016],[-49.999,-1.832],[-49.72,-1.926],[-49.314,-1.732],[-49.553,-2.52],[-49.637,-2.657],[-49.458,-2.505],[-49.211,-1.917],[-48.991,-1.83],[-48.71,-1.488],[-48.6,-1.489],[-48.463,-1.614],[-48.446,-1.52],[-48.35,-1.482],[-48.468,-1.394],[-48.478,-1.324],[-48.409,-1.229],[-48.45,-1.146],[-48.306,-1.04],[-48.318,-0.961],[-48.115,-0.737],[-48.033,-0.705],[-47.961,-0.77],[-47.808,-0.663],[-47.687,-0.725],[-47.557,-0.67],[-47.419,-0.766],[-47.46,-0.681],[-47.398,-0.627],[-47.269,-0.645],[-47.127,-0.745],[-46.811,-0.78],[-46.617,-0.971],[-46.219,-1.031],[-46.215,-1.1],[-46.045,-1.103],[-45.972,-1.187],[-45.645,-1.348],[-45.459,-1.356],[-45.329,-1.717],[-45.182,-1.507],[-45.076,-1.466],[-44.79,-1.725],[-44.721,-1.733],[-44.779,-1.799],[-44.651,-1.746],[-44.538,-2.053],[-44.659,-2.228],[-44.756,-2.266],[-44.662,-2.373],[-44.579,-2.23],[-44.435,-2.168],[-44.382,-2.366],[-44.52,-2.405],[-44.589,-2.573],[-44.723,-3.205],[-44.438,-2.944],[-44.308,-2.535],[-44.229,-2.471],[-44.106,-2.493],[-44.113,-2.599],[-44.225,-2.755],[-44.193,-2.81],[-43.933,-2.583],[-43.864,-2.595],[-43.729,-2.518],[-43.455,-2.502],[-43.38,-2.376],[-42.937,-2.465],[-42.25,-2.792],[-42,-2.806],[-41.876,-2.747],[-41.48,-2.917],[-41.318,-2.936],[-40.475,-2.796],[-39.965,-2.862],[-39.014,-3.39],[-38.686,-3.654],[-38.476,-3.717],[-38.049,-4.216],[-37.626,-4.592],[-37.301,-4.713],[-37.175,-4.912],[-36.955,-4.937],[-36.591,-5.098],[-35.98,-5.054],[-35.482,-5.166],[-35.393,-5.251],[-35.235,-5.567],[-35.095,-6.185],[-34.988,-6.394],[-34.876,-7.003],[-34.834,-7.024],[-34.805,-7.288],[-34.879,-7.747],[-34.835,-7.971],[-35.158,-8.931],[-35.341,-9.231],[-35.764,-9.703],[-35.891,-9.687],[-35.848,-9.772],[-35.885,-9.848],[-36.398,-10.484],[-36.768,-10.672],[-36.938,-10.82],[-37.093,-11.055],[-37.183,-11.068],[-37.181,-11.187],[-37.356,-11.404],[-37.322,-11.215],[-37.359,-11.253],[-37.438,-11.394],[-37.412,-11.497],[-37.469,-11.654],[-37.689,-12.1],[-38.24,-12.844],[-38.402,-12.966],[-38.499,-12.957],[-38.525,-12.762],[-38.691,-12.624],[-38.744,-12.749],[-38.852,-12.79],[-38.764,-12.907],[-38.833,-13.033],[-38.835,-13.147],[-39.031,-13.365],[-39.089,-13.588],[-39.035,-13.559],[-38.989,-13.615],[-39.041,-13.758],[-39.048,-14.044],[-39.008,-14.101],[-38.967,-14.003],[-38.942,-14.031],[-39.06,-14.655],[-38.885,-15.842],[-39.203,-17.178],[-39.154,-17.704],[-39.487,-17.99],[-39.651,-18.252],[-39.74,-18.64],[-39.7,-19.278],[-39.783,-19.572],[-40.001,-19.742],[-40.142,-19.968],[-40.203,-20.206],[-40.299,-20.293],[-40.396,-20.569],[-40.597,-20.784],[-40.789,-20.906],[-40.955,-21.238],[-41.047,-21.506],[-41,-21.999],[-41.706,-22.31],[-41.98,-22.581],[-41.986,-22.736],[-41.941,-22.788],[-42.042,-22.947],[-42.958,-22.967],[-43.081,-22.903],[-43.065,-22.771],[-43.086,-22.723],[-43.154,-22.725],[-43.242,-22.795],[-43.194,-22.939],[-43.224,-22.991],[-43.899,-23.101],[-43.974,-23.057],[-43.676,-23.009],[-43.866,-22.911],[-44.148,-23.011],[-44.637,-23.055],[-44.681,-23.107],[-44.674,-23.207],[-44.57,-23.274],[-44.667,-23.335],[-44.952,-23.381],[-45.215,-23.576],[-45.325,-23.6],[-45.423,-23.685],[-45.464,-23.803],[-45.665,-23.765],[-45.972,-23.796],[-46.867,-24.236],[-47.137,-24.493],[-47.989,-25.036],[-47.908,-25.068],[-47.929,-25.168],[-48.203,-25.417],[-48.242,-25.403],[-48.186,-25.31],[-48.402,-25.272],[-48.458,-25.311],[-48.428,-25.403],[-48.476,-25.443],[-48.644,-25.437],[-48.732,-25.369],[-48.692,-25.492],[-48.507,-25.521],[-48.401,-25.597],[-48.545,-25.816],[-48.666,-25.844],[-48.679,-25.875],[-48.613,-25.875],[-48.576,-25.935],[-48.619,-26.179],[-48.748,-26.269],[-48.652,-26.406],[-48.678,-26.703],[-48.554,-27.196],[-48.643,-27.558],[-48.621,-28.076],[-48.693,-28.31],[-48.797,-28.443],[-48.8,-28.575],[-49.271,-28.871],[-49.746,-29.363],[-50.033,-29.801],[-50.3,-30.426],[-50.921,-31.258],[-51.152,-31.48],[-51.798,-31.9],[-52.039,-32.115],[-52.063,-31.83],[-51.893,-31.868],[-51.681,-31.775],[-51.446,-31.557],[-51.272,-31.477],[-51.174,-31.34],[-51.161,-31.119],[-50.98,-31.094],[-50.941,-30.904],[-50.77,-30.813],[-50.689,-30.704],[-50.716,-30.426],[-50.582,-30.439],[-50.564,-30.254],[-50.646,-30.237],[-50.932,-30.374],[-51.025,-30.369],[-51.04,-30.261],[-51.179,-30.211],[-51.298,-30.035],[-51.282,-30.244],[-51.157,-30.364],[-51.288,-30.591],[-51.283,-30.752],[-51.359,-30.675],[-51.376,-30.847],[-51.459,-30.913],[-51.506,-31.104],[-51.972,-31.384],[-52.027,-31.599],[-52.12,-31.695],[-52.194,-31.886],[-52.127,-32.168],[-52.342,-32.44],[-52.652,-33.138],[-52.921,-33.402],[-53.42,-33.779],[-53.535,-34.017],[-53.743,-34.25],[-53.785,-34.38],[-54.169,-34.671],[-54.272,-34.667],[-54.902,-34.933],[-55.238,-34.896],[-55.371,-34.808],[-55.673,-34.776],[-56.195,-34.906],[-56.388,-34.861],[-56.463,-34.775],[-56.855,-34.677],[-57.171,-34.452],[-57.829,-34.477],[-58.4,-33.912],[-58.438,-33.719],[-58.364,-33.182],[-58.222,-33.129],[-58.093,-32.967],[-58.201,-32.472],[-58.171,-32.959],[-58.25,-33.078],[-58.424,-33.112],[-58.547,-33.663],[-58.392,-34.193],[-58.525,-34.296],[-58.466,-34.457],[-58.283,-34.683],[-57.548,-35.019],[-57.304,-35.188],[-57.171,-35.362],[-57.159,-35.506],[-57.354,-35.72],[-57.375,-35.9],[-57.265,-36.144],[-57.076,-36.297],[-56.937,-36.353],[-56.749,-36.346],[-56.717,-36.389],[-56.668,-36.735],[-56.727,-36.958],[-57.088,-37.446],[-57.396,-37.745],[-57.507,-37.909],[-57.547,-38.086],[-58.179,-38.436],[-59.007,-38.673],[-59.828,-38.838],[-61.112,-38.993],[-61.848,-38.962],[-62.067,-38.919],[-62.189,-38.813],[-62.335,-38.8],[-62.374,-38.853],[-62.304,-38.988],[-62.338,-39.151],[-62.295,-39.243],[-62.054,-39.374],[-62.179,-39.38],[-62.077,-39.462],[-62.132,-39.825],[-62.287,-39.895],[-62.402,-40.197],[-62.427,-40.356],[-62.394,-40.459],[-62.246,-40.675],[-62.302,-40.815],[-62.395,-40.891],[-62.959,-41.11],[-63.622,-41.16],[-63.773,-41.15],[-64.383,-40.922],[-64.853,-40.814],[-64.804,-40.757],[-64.869,-40.736],[-65.069,-40.805],[-65.133,-40.881],[-65.155,-41.106],[-65.018,-41.567],[-65.059,-41.97],[-64.986,-42.102],[-64.622,-42.261],[-64.538,-42.255],[-64.571,-42.416],[-64.42,-42.434],[-64.101,-42.395],[-64.061,-42.266],[-64.253,-42.251],[-64.229,-42.218],[-63.796,-42.114],[-63.63,-42.283],[-63.596,-42.407],[-63.617,-42.696],[-63.692,-42.805],[-64.035,-42.881],[-64.131,-42.861],[-64.324,-42.572],[-64.488,-42.513],[-64.65,-42.531],[-64.812,-42.633],[-64.971,-42.666],[-65.027,-42.759],[-64.629,-42.909],[-64.319,-42.969],[-64.432,-43.059],[-64.84,-43.189],[-65.252,-43.572],[-65.305,-43.787],[-65.239,-44.049],[-65.308,-44.158],[-65.266,-44.28],[-65.361,-44.477],[-65.648,-44.661],[-65.698,-44.796],[-65.599,-44.876],[-65.639,-45.008],[-66.19,-44.965],[-66.585,-45.183],[-66.941,-45.257],[-67.258,-45.577],[-67.6,-46.053],[-67.586,-46.27],[-67.506,-46.443],[-66.777,-47.006],[-65.999,-47.094],[-65.854,-47.157],[-65.738,-47.345],[-65.775,-47.568],[-65.886,-47.702],[-66.225,-47.827],[-66.172,-47.858],[-65.934,-47.827],[-65.81,-47.941],[-66.393,-48.342],[-67.033,-48.628],[-67.466,-48.952],[-67.685,-49.247],[-67.662,-49.342],[-67.783,-49.859],[-67.914,-49.984],[-68.257,-50.105],[-68.488,-49.978],[-68.668,-49.753],[-68.662,-49.936],[-68.98,-50.003],[-68.598,-50.009],[-68.422,-50.158],[-68.939,-50.382],[-69.09,-50.583],[-69.155,-50.864],[-69.359,-51.028],[-69.201,-50.994],[-69.066,-51.304],[-69.03,-51.446],[-69.058,-51.547],[-69.465,-51.584],[-68.965,-51.677],[-68.394,-52.307],[-68.443,-52.357],[-69.241,-52.205],[-69.447,-52.269],[-69.62,-52.465],[-70.563,-52.673],[-70.795,-52.769],[-70.821,-52.963],[-70.984,-53.374],[-70.948,-53.57],[-70.996,-53.779],[-71.298,-53.883],[-71.694,-53.803],[-72.174,-53.632],[-72.377,-53.471],[-72.413,-53.35],[-72.306,-53.254],[-71.942,-53.234],[-71.853,-53.286],[-71.828,-53.398],[-71.892,-53.524],[-71.791,-53.485],[-71.741,-53.233],[-71.289,-53.034],[-71.163,-52.888],[-71.155,-52.846],[-71.227,-52.811],[-71.388,-52.764],[-72.278,-53.132],[-72.493,-53.291],[-72.549,-53.461],[-72.727,-53.42],[-73.053,-53.243],[-72.916,-53.122],[-72.889,-52.872],[-72.728,-52.762],[-72.676,-52.749],[-72.627,-52.818],[-72.453,-52.814],[-72.118,-52.65],[-71.797,-52.683],[-71.591,-52.661],[-71.511,-52.605],[-71.812,-52.537],[-72.226,-52.521],[-72.438,-52.626],[-72.504,-52.56],[-72.712,-52.536],[-72.777,-52.577],[-72.802,-52.712],[-73.02,-52.892],[-73.023,-53.022],[-73.122,-53.074],[-73.338,-53.055],[-73.645,-52.837],[-73.241,-52.707],[-73.073,-52.535],[-73.124,-52.488],[-73.184,-52.488],[-73.178,-52.563],[-73.244,-52.624],[-73.382,-52.595],[-73.586,-52.686],[-73.915,-52.688],[-74.014,-52.639],[-74.037,-52.403],[-74.151,-52.383],[-74.296,-52.118],[-73.834,-52.234],[-73.703,-52.199],[-73.684,-52.078],[-73.532,-52.153],[-73.26,-52.158],[-72.795,-51.95],[-72.695,-51.985],[-72.571,-52.2],[-72.714,-52.357],[-72.677,-52.385],[-72.569,-52.334],[-72.519,-52.217],[-72.625,-51.946],[-72.523,-51.891],[-72.49,-51.764],[-72.761,-51.573],[-73.169,-51.454],[-73.197,-51.478],[-72.649,-51.695],[-72.583,-51.737],[-72.6,-51.799],[-72.928,-51.86],[-73.383,-52.07],[-73.518,-52.041],[-73.65,-51.856],[-73.753,-51.796],[-73.894,-51.758],[-73.973,-51.784],[-74.197,-51.681],[-74.07,-51.579],[-73.93,-51.618],[-73.896,-51.331],[-73.94,-51.266],[-74.815,-51.063],[-75.095,-50.681],[-74.686,-50.662],[-74.649,-50.618],[-74.776,-50.47],[-74.644,-50.361],[-74.366,-50.488],[-74.19,-50.778],[-73.807,-50.938],[-73.825,-50.836],[-73.741,-50.697],[-73.618,-50.651],[-73.693,-50.57],[-73.654,-50.493],[-73.75,-50.54],[-73.892,-50.783],[-73.978,-50.827],[-74.197,-50.61],[-74.186,-50.485],[-73.95,-50.511],[-74.425,-50.35],[-74.63,-50.194],[-74.334,-49.975],[-74.019,-50.023],[-73.959,-49.995],[-74.011,-49.929],[-74.171,-49.907],[-74.324,-49.783],[-74.291,-49.604],[-74.102,-49.555],[-73.836,-49.609],[-73.892,-49.523],[-74.094,-49.43],[-74.015,-49.091],[-73.938,-49.046],[-74.028,-49.026],[-74.221,-49.501],[-74.367,-49.4],[-74.382,-48.794],[-74.341,-48.596],[-74.176,-48.494],[-74.009,-48.475],[-74.172,-48.427],[-74.343,-48.493],[-74.474,-48.464],[-74.577,-48.274],[-74.585,-47.999],[-73.854,-48.042],[-73.528,-48.198],[-73.384,-48.177],[-73.391,-48.146],[-73.501,-48.107],[-73.61,-47.994],[-73.716,-47.655],[-73.847,-47.867],[-73.941,-47.929],[-74.227,-47.969],[-74.351,-47.944],[-74.376,-47.83],[-74.609,-47.758],[-74.655,-47.702],[-74.534,-47.568],[-74.243,-47.679],[-74.134,-47.591],[-74.483,-47.43],[-74.403,-47.328],[-74.158,-47.183],[-74.208,-47.083],[-74.152,-46.974],[-74.314,-46.788],[-74.454,-46.767],[-74.467,-46.864],[-74.512,-46.885],[-75.006,-46.741],[-75.053,-46.628],[-74.984,-46.512],[-75.146,-46.6],[-75.54,-46.699],[-75.565,-46.729],[-75.446,-46.751],[-75.386,-46.863],[-75.43,-46.935],[-75.635,-46.863],[-75.708,-46.775],[-75.706,-46.705],[-75.657,-46.61],[-74.924,-46.16],[-75.075,-46.004],[-75.067,-45.875],[-74.763,-45.824],[-74.463,-45.841],[-74.158,-45.767],[-74.082,-45.678],[-74.123,-45.496],[-73.957,-45.404],[-73.825,-45.447],[-73.96,-45.835],[-74.061,-45.947],[-74.02,-46.056],[-74.082,-46.132],[-74.393,-46.217],[-74.09,-46.222],[-73.968,-46.154],[-73.879,-45.847],[-73.735,-45.812],[-73.695,-45.86],[-73.708,-46.07],[-73.811,-46.377],[-73.949,-46.533],[-73.944,-46.572],[-73.845,-46.566],[-73.662,-46.297],[-73.592,-45.899],[-73.594,-45.777],[-73.757,-45.703],[-73.78,-45.628],[-73.731,-45.48],[-73.55,-45.484],[-73.266,-45.346],[-72.934,-45.452],[-73.226,-45.255],[-73.445,-45.238],[-73.405,-45.102],[-73.362,-44.978],[-73.078,-44.92],[-72.739,-44.734],[-72.68,-44.594],[-72.664,-44.436],[-73.265,-44.169],[-73.224,-43.898],[-73.069,-43.862],[-72.997,-43.632],[-73.101,-43.455],[-73.076,-43.324],[-72.94,-43.211],[-72.878,-43.048],[-72.758,-43.039],[-72.848,-42.669],[-72.774,-42.505],[-72.655,-42.517],[-72.773,-42.258],[-72.631,-42.2],[-72.43,-42.434],[-72.412,-42.388],[-72.499,-41.981],[-72.738,-41.995],[-72.824,-41.909],[-72.66,-41.742],[-72.486,-41.722],[-72.36,-41.649],[-72.318,-41.499],[-72.428,-41.646],[-72.542,-41.691],[-72.67,-41.659],[-72.805,-41.544],[-72.953,-41.515],[-73.242,-41.781],[-73.624,-41.774],[-73.735,-41.742],[-73.624,-41.581],[-73.811,-41.517],[-73.966,-41.118],[-73.984,-40.974],[-73.784,-40.468],[-73.671,-39.963],[-73.41,-39.789],[-73.25,-39.422],[-73.226,-39.224],[-73.52,-38.509],[-73.465,-38.04],[-73.662,-37.699],[-73.665,-37.59],[-73.603,-37.479],[-73.662,-37.341],[-73.602,-37.188],[-73.375,-37.224],[-73.216,-37.167],[-73.118,-36.688],[-73.007,-36.643],[-72.875,-36.39],[-72.778,-35.979],[-72.587,-35.76],[-72.624,-35.586],[-72.387,-35.24],[-72.224,-35.096],[-72.056,-34.616],[-72.003,-34.165],[-71.831,-33.82],[-71.664,-33.653],[-71.636,-33.519],[-71.696,-33.429],[-71.743,-33.095],[-71.592,-32.97],[-71.452,-32.66],[-71.421,-32.387],[-71.513,-32.208],[-71.526,-31.806],[-71.662,-31.17],[-71.709,-30.628],[-71.669,-30.33],[-71.4,-30.143],[-71.316,-29.65],[-71.327,-29.443],[-71.486,-29.198],[-71.519,-28.926],[-71.307,-28.672],[-71.186,-28.378],[-71.087,-27.814],[-70.926,-27.589],[-70.898,-27.187],[-70.647,-26.329],[-70.635,-25.993],[-70.714,-25.784],[-70.633,-25.546],[-70.49,-25.376],[-70.452,-25.252],[-70.574,-24.644],[-70.507,-23.886],[-70.392,-23.566],[-70.588,-23.368],[-70.593,-23.255],[-70.563,-23.057],[-70.45,-23.034],[-70.332,-22.849],[-70.088,-21.493],[-70.088,-21.253],[-70.197,-20.725],[-70.148,-19.805],[-70.276,-19.268],[-70.362,-18.398],[-70.942,-17.932],[-71.337,-17.683],[-71.399,-17.422],[-71.532,-17.294],[-72.111,-17.003],[-72.468,-16.708],[-72.794,-16.615],[-73.4,-16.304],[-73.728,-16.202],[-74.147,-15.912],[-74.373,-15.834],[-75.104,-15.412],[-75.534,-14.899],[-75.934,-14.634],[-76.175,-14.227],[-76.289,-14.133],[-76.297,-13.948],[-76.376,-13.863],[-76.259,-13.803],[-76.184,-13.515],[-76.224,-13.371],[-76.502,-12.984],[-76.832,-12.349],[-77.153,-12.06],[-77.22,-11.663],[-77.31,-11.532],[-77.633,-11.288],[-77.736,-10.837],[-78.186,-10.089],[-78.446,-9.371],[-78.665,-8.971],[-78.762,-8.617],[-79.012,-8.21],[-79.377,-7.836],[-79.618,-7.296],[-79.995,-6.769],[-80.11,-6.65],[-80.812,-6.282],[-81.142,-6.057],[-81.164,-5.875],[-81.092,-5.812],[-80.992,-5.861],[-80.931,-5.841],[-80.882,-5.635],[-80.943,-5.475],[-81.168,-5.167],[-81.108,-5.028],[-81.337,-4.67],[-81.232,-4.234],[-80.799,-3.731],[-80.504,-3.496],[-80.027,-3.228],[-79.922,-3.09],[-79.73,-2.579],[-79.822,-2.357],[-79.842,-2.067],[-79.893,-2.146],[-79.88,-2.424],[-79.926,-2.549],[-80.03,-2.557],[-80.007,-2.354],[-80.285,-2.707],[-80.45,-2.626],[-80.685,-2.397],[-80.839,-2.349],[-80.963,-2.189],[-80.77,-2.077],[-80.761,-1.935],[-80.835,-1.632],[-80.801,-1.383],[-80.902,-1.079],[-80.841,-0.975],[-80.554,-0.848],[-80.455,-0.585],[-80.282,-0.621],[-80.385,-0.584],[-80.482,-0.368],[-80.133,-0.006],[-80.046,0.155],[-80.025,0.41],[-80.088,0.785],[-79.741,0.98],[-79.613,0.971],[-79.465,1.06],[-78.9,1.206],[-78.827,1.296],[-78.86,1.455],[-79.025,1.624],[-78.958,1.752],[-78.793,1.849],[-78.577,1.774],[-78.55,1.924],[-78.629,2.056],[-78.592,2.357],[-78.417,2.483],[-78.067,2.509],[-77.875,2.726],[-77.814,2.716],[-77.67,2.879],[-77.694,3.04],[-77.559,3.076],[-77.417,3.342],[-77.357,3.349],[-77.077,3.913],[-77.167,3.862],[-77.264,3.893],[-77.278,4.058],[-77.358,3.945],[-77.427,4.06],[-77.409,4.248],[-77.521,4.213],[-77.354,4.398],[-77.286,4.722],[-77.339,4.839],[-77.373,5.324],[-77.402,5.416],[-77.534,5.537],[-77.325,5.676],[-77.249,5.78],[-77.469,6.177],[-77.473,6.286],[-77.398,6.275],[-77.369,6.576],[-77.439,6.69],[-77.526,6.693],[-77.804,7.137],[-78.17,7.544],[-78.378,7.9],[-78.422,8.061],[-78.287,8.092],[-78.255,8.139],[-78.281,8.248],[-78.142,8.386],[-78.048,8.285],[-77.761,8.133],[-78.012,8.325],[-78.099,8.497],[-78.223,8.397],[-78.256,8.454],[-78.374,8.489],[-78.41,8.355],[-78.514,8.628],[-78.955,8.933],[-79.086,8.997],[-79.442,9.006],[-79.687,8.851],[-79.816,8.639],[-79.75,8.596],[-80.126,8.35],[-80.369,8.289],[-80.459,8.214],[-80.458,8.077],[-80.075,7.667],[-80.011,7.5],[-80.111,7.433],[-80.287,7.426],[-80.439,7.275],[-80.846,7.22],[-80.901,7.277],[-81.064,7.9],[-81.158,7.854],[-81.195,7.668],[-81.268,7.625],[-81.504,7.721],[-81.728,8.138],[-81.973,8.215],[-82.16,8.195],[-82.224,8.23],[-82.235,8.311],[-82.365,8.275],[-82.68,8.322],[-82.866,8.246],[-82.879,8.071],[-83.123,8.353],[-83.162,8.588],[-83.286,8.664],[-83.47,8.707],[-83.298,8.507],[-83.292,8.406],[-83.605,8.48],[-83.734,8.614],[-83.614,8.804],[-83.637,9.035],[-83.737,9.15],[-84.222,9.463],[-84.582,9.568],[-84.659,9.647],[-84.643,9.789],[-84.715,9.899],[-85.236,10.242],[-85.263,10.257],[-85.237,10.107],[-85.161,10.017],[-84.963,9.933],[-84.886,9.821],[-85.06,9.668],[-85.077,9.602],[-85.115,9.582],[-85.315,9.811],[-85.625,9.902],[-85.796,10.133],[-85.85,10.292],[-85.831,10.398],[-85.663,10.635],[-85.667,10.745],[-85.908,10.898],[-85.752,10.985],[-85.745,11.089],[-85.961,11.331],[-86.469,11.738],[-86.851,12.248],[-87.668,12.904],[-87.67,12.966],[-87.585,13.043],[-87.424,12.921],[-87.339,12.95],[-87.333,13.085],[-87.413,13.127],[-87.498,13.275],[-87.489,13.353],[-87.814,13.399],[-87.821,13.285],[-87.931,13.181],[-88.023,13.169],[-88.181,13.164],[-88.686,13.281],[-88.484,13.197],[-88.512,13.184],[-88.867,13.283],[-89.278,13.478],[-89.804,13.56],[-89.97,13.683],[-90.479,13.901],[-91.146,13.926],[-91.377,13.99],[-91.819,14.228],[-92.265,14.568],[-92.809,15.139],[-93.916,16.054],[-94.374,16.285],[-94.426,16.226],[-94.001,16.019],[-94.471,16.187],[-94.662,16.202],[-94.682,16.228],[-94.587,16.316],[-94.617,16.348],[-94.791,16.287],[-94.793,16.365],[-94.9,16.417],[-95.024,16.306],[-94.786,16.229],[-95.134,16.177],[-95.464,15.975],[-96.214,15.693],[-96.511,15.652],[-96.808,15.726],[-97.185,15.909],[-97.755,15.967],[-98.139,16.206],[-98.52,16.305],[-98.762,16.535],[-99.691,16.72],[-100.025,16.921],[-100.848,17.2],[-101.6,17.652],[-101.919,17.96],[-102.217,17.957],[-102.7,18.063],[-103.442,18.325],[-103.912,18.828],[-104.938,19.309],[-105.482,19.976],[-105.669,20.386],[-105.543,20.498],[-105.377,20.512],[-105.26,20.579],[-105.252,20.669],[-105.327,20.753],[-105.511,20.809],[-105.237,21.119],[-105.209,21.491],[-105.431,21.618],[-105.649,21.988],[-105.646,22.327],[-105.792,22.627],[-106.402,23.196],[-106.935,23.881],[-107.765,24.472],[-107.527,24.36],[-107.494,24.369],[-107.512,24.489],[-107.817,24.539],[-107.951,24.615],[-108.015,24.783],[-108.281,25.082],[-108.14,25.018],[-108.036,25.035],[-108.051,25.067],[-108.696,25.383],[-108.787,25.538],[-109.029,25.48],[-109.068,25.552],[-108.973,25.588],[-108.887,25.733],[-109.008,25.642],[-109.196,25.593],[-109.385,25.727],[-109.426,26.033],[-109.2,26.305],[-109.117,26.253],[-109.216,26.355],[-109.276,26.534],[-109.483,26.71],[-109.755,26.703],[-109.891,26.883],[-109.944,27.079],[-110.277,27.162],[-110.478,27.323],[-110.615,27.654],[-110.53,27.864],[-110.759,27.915],[-110.921,27.889],[-111.121,27.967],[-111.472,28.384],[-111.68,28.471],[-111.941,28.823],[-112.162,29.019],[-112.223,29.269],[-112.378,29.348],[-112.415,29.536],[-112.738,29.985],[-112.825,30.3],[-113.058,30.651],[-113.11,30.793],[-113.108,31.077],[-113.043,31.087],[-113.047,31.179],[-113.623,31.346],[-113.633,31.468],[-113.759,31.558],[-113.948,31.629],[-114.003,31.525],[-114.149,31.507],[-114.934,31.901],[-114.84,31.799],[-114.79,31.647],[-114.848,31.538],[-114.882,31.156],[-114.703,30.765],[-114.633,30.507],[-114.65,30.238],[-114.55,30.022],[-114.373,29.83],[-114.179,29.734],[-113.755,29.367],[-113.545,29.102],[-113.5,28.927],[-113.382,28.947],[-113.335,28.839],[-113.206,28.799],[-113.094,28.512],[-112.871,28.424],[-112.734,27.826],[-112.329,27.523],[-112.191,27.187],[-112.004,27.079],[-112.009,26.967],[-111.883,26.84],[-111.863,26.679],[-111.723,26.564],[-111.817,26.756],[-111.795,26.88],[-111.57,26.708],[-111.332,26.125],[-111.292,25.79],[-111.15,25.573],[-111.034,25.527],[-110.894,25.144],[-110.687,24.868],[-110.735,24.59],[-110.659,24.341],[-110.367,24.1],[-110.297,24.195],[-110.325,24.306],[-110.263,24.345],[-110.023,24.175],[-109.811,23.939],[-109.711,23.804],[-109.677,23.662],[-109.51,23.598],[-109.421,23.48],[-109.496,23.16],[-109.823,22.922],[-110.006,22.894],[-110.086,23.005],[-110.181,23.342],[-110.363,23.605],[-110.63,23.737],[-111.036,24.105],[-111.419,24.329],[-111.683,24.556],[-111.802,24.543],[-111.848,24.67],[-112.073,24.84],[-112.129,25.043],[-112.07,25.573],[-112.174,25.913],[-112.377,26.214],[-112.658,26.317],[-113.021,26.583],[-113.119,26.717],[-113.156,26.946],[-113.272,26.791],[-113.426,26.796],[-113.599,26.721],[-113.841,26.967],[-113.996,26.988],[-114.11,27.106],[-114.445,27.218],[-114.54,27.431],[-114.994,27.736],[-115.036,27.842],[-114.57,27.784],[-114.301,27.873],[-114.302,27.776],[-114.137,27.671],[-114.069,27.676],[-114.175,27.831],[-114.158,27.92],[-114.253,27.908],[-114.093,28.221],[-114.048,28.426],[-114.146,28.605],[-114.937,29.352],[-115.166,29.427],[-115.674,29.756],[-115.749,29.936],[-115.808,29.96],[-115.816,30.304],[-115.996,30.414],[-116.062,30.804],[-116.296,30.971],[-116.333,31.203],[-116.662,31.565],[-116.668,31.699],[-116.722,31.735],[-116.624,31.758],[-116.621,31.851],[-116.848,31.997],[-116.914,32.199],[-117.063,32.344],[-117.137,32.649],[-117.184,32.688],[-117.243,32.664],[-117.319,33.1],[-117.467,33.296],[-118.081,33.722],[-118.41,33.744],[-118.393,33.858],[-118.506,34.017],[-118.832,34.024],[-119.144,34.112],[-119.236,34.164],[-119.268,34.257],[-119.606,34.418],[-120.481,34.472],[-120.645,34.58],[-120.659,35.122],[-120.857,35.21],[-120.9,35.425],[-121.284,35.676],[-121.664,36.154],[-121.877,36.331],[-121.919,36.572],[-121.79,36.732],[-121.807,36.851],[-121.881,36.939],[-122.164,36.991],[-122.395,37.208],[-122.408,37.373],[-122.499,37.543],[-122.514,37.772],[-122.446,37.798],[-122.384,37.789],[-122.37,37.656],[-122.298,37.592],[-122.071,37.478],[-122.385,37.961],[-122.314,38.007],[-121.525,38.056],[-122.031,38.124],[-122.154,38.066],[-122.393,38.145],[-122.484,38.109],[-122.467,37.838],[-122.521,37.826],[-122.932,38.055],[-122.999,37.989],[-122.978,38.227],[-122.877,38.123],[-122.908,38.197],[-123.046,38.305],[-123.121,38.449],[-123.29,38.536],[-123.701,38.907],[-123.72,39.111],[-123.82,39.368],[-123.778,39.515],[-123.833,39.775],[-124.108,40.095],[-124.324,40.252],[-124.357,40.371],[-124.372,40.491],[-124.284,40.711],[-124.254,40.74],[-124.22,40.696],[-124.133,40.97],[-124.072,41.46],[-124.163,41.719],[-124.245,41.788],[-124.212,41.985],[-124.355,42.123],[-124.421,42.381],[-124.406,42.584],[-124.54,42.813],[-124.347,43.342],[-124.197,43.423],[-124.288,43.41],[-124.149,43.692],[-124.099,44.334],[-124.047,44.425],[-124.059,44.778],[-123.929,45.577],[-123.947,46.141],[-123.989,46.219],[-123.674,46.183],[-123.522,46.223],[-123.402,46.155],[-123.221,46.154],[-123.465,46.271],[-124.073,46.279],[-124.044,46.605],[-123.946,46.433],[-123.889,46.66],[-124.072,46.745],[-124.113,46.863],[-123.843,46.963],[-124.112,47.035],[-124.139,46.955],[-124.376,47.659],[-124.663,47.974],[-124.71,48.38],[-123.976,48.168],[-123.294,48.12],[-123.162,48.155],[-122.974,48.073],[-122.779,48.138],[-122.657,47.881],[-122.778,47.738],[-122.805,47.784],[-123.051,47.552],[-123.136,47.356],[-122.922,47.408],[-123.067,47.4],[-123.06,47.454],[-122.982,47.559],[-122.608,47.835],[-122.593,47.916],[-122.533,47.92],[-122.524,47.769],[-122.618,47.713],[-122.614,47.616],[-122.664,47.617],[-122.557,47.463],[-122.578,47.293],[-122.708,47.316],[-122.768,47.218],[-122.813,47.329],[-122.92,47.29],[-123.028,47.139],[-122.73,47.112],[-122.627,47.144],[-122.542,47.276],[-122.354,47.372],[-122.402,47.784],[-122.242,48.011],[-122.416,48.184],[-122.387,48.09],[-122.494,48.13],[-122.52,48.229],[-122.403,48.269],[-122.488,48.374],[-122.669,48.465],[-122.497,48.506],[-122.545,48.762],[-122.686,48.794],[-122.827,49.028],[-122.963,49.075],[-123.077,48.98],[-123.118,49.056],[-123.077,49.118],[-123.182,49.129],[-123.229,49.26],[-122.948,49.293],[-122.879,49.399],[-123.016,49.322],[-123.277,49.344],[-123.18,49.674],[-123.325,49.578],[-123.336,49.459],[-123.508,49.402],[-123.948,49.535],[-124.054,49.662],[-123.993,49.736],[-123.923,49.718],[-123.817,49.587],[-123.582,49.681],[-123.763,49.658],[-123.874,49.737],[-123.904,49.981],[-123.785,50.088],[-123.88,50.174],[-123.934,50.188],[-123.866,50.072],[-123.957,49.993],[-123.972,49.892],[-124.142,49.793],[-124.413,49.778],[-124.702,49.958],[-125.057,50.419],[-124.863,50.637],[-124.86,50.872],[-124.934,50.811],[-124.943,50.666],[-125.059,50.514],[-125.21,50.476],[-125.476,50.497],[-125.526,50.534],[-125.539,50.649],[-125.641,50.466],[-125.772,50.508],[-126.094,50.498],[-126.404,50.53],[-126.447,50.588],[-125.898,50.684],[-126.493,50.672],[-126.517,50.724],[-126.375,50.837],[-126.522,50.866],[-126.485,50.96],[-126.517,51.057],[-126.632,50.915],[-127.058,50.868],[-127.357,50.946],[-127.708,51.151],[-127.689,51.343],[-127.42,51.608],[-126.691,51.703],[-127.339,51.707],[-127.443,51.679],[-127.645,51.478],[-127.714,51.49],[-127.851,51.673],[-127.863,51.821],[-127.728,51.993],[-127.859,51.99],[-127.795,52.191],[-127.438,52.356],[-127.242,52.395],[-127.176,52.315],[-127.008,52.291],[-126.739,52.065],[-126.938,52.309],[-127.127,52.371],[-127.208,52.498],[-126.951,52.721],[-127.008,52.843],[-127.013,52.72],[-127.066,52.653],[-127.519,52.359],[-127.834,52.251],[-128.102,51.788],[-128.194,51.998],[-128.358,52.159],[-128.037,52.318],[-128.06,52.428],[-127.94,52.545],[-128.038,52.531],[-128.272,52.363],[-128.132,52.806],[-128.053,52.911],[-128.365,52.826],[-128.452,52.877],[-128.525,53.141],[-128.652,53.244],[-129.081,53.367],[-129.172,53.534],[-129.114,53.641],[-129.021,53.692],[-128.855,53.705],[-128.906,53.559],[-128.542,53.421],[-128.358,53.46],[-128.133,53.418],[-127.928,53.275],[-127.95,53.33],[-128.207,53.483],[-128.512,53.477],[-128.676,53.555],[-128.764,53.747],[-128.715,53.81],[-128.532,53.858],[-128.705,53.919],[-128.89,53.83],[-128.959,53.841],[-129.208,53.642],[-129.258,53.418],[-129.462,53.347],[-129.564,53.251],[-129.822,53.413],[-129.912,53.551],[-130.074,53.576],[-130.335,53.724],[-130.086,53.976],[-130.043,54.134],[-129.626,54.23],[-130.084,54.181],[-130.29,54.27],[-130.43,54.421],[-130.35,54.655],[-130.219,54.73],[-129.89,55.165],[-129.561,55.463],[-129.701,55.439],[-129.795,55.56],[-129.838,55.319],[-130.048,55.057],[-130.092,55.108],[-129.985,55.359],[-130.095,55.695],[-130.02,55.881],[-130.112,55.78],[-130.147,55.654],[-130.037,55.298],[-130.219,55.06],[-130.204,54.947],[-130.349,54.815],[-130.535,54.749],[-130.85,54.808],[-131.048,55.158],[-130.984,55.244],[-130.75,55.297],[-130.856,55.355],[-130.919,55.736],[-131.128,55.96],[-131.14,55.998],[-131.033,56.088],[-131.784,55.877],[-131.945,55.554],[-132.119,55.57],[-132.208,55.753],[-132.006,55.93],[-131.844,56.16],[-131.551,56.207],[-131.888,56.242],[-132.022,56.38],[-132.182,56.421],[-132.358,56.626],[-132.476,56.65],[-132.487,56.766],[-132.802,56.895],[-132.839,56.96],[-132.814,57.041],[-133.466,57.172],[-133.437,57.337],[-133.539,57.554],[-133.649,57.642],[-133.554,57.695],[-133.143,57.555],[-133.515,57.775],[-133.535,57.833],[-133.511,57.88],[-133.212,57.866],[-133.559,57.924],[-133.657,57.841],[-133.722,57.844],[-134.031,58.072],[-134.045,58.289],[-133.889,58.499],[-133.944,58.498],[-134.209,58.233],[-134.776,58.454],[-134.943,58.646],[-134.986,58.766],[-135.132,58.843],[-135.33,59.239],[-135.349,59.41],[-135.413,59.318],[-135.484,59.309],[-135.4,59.208],[-135.502,59.202],[-135.386,59.088],[-135.062,58.341],[-135.09,58.246],[-135.303,58.256],[-135.45,58.376],[-135.572,58.412],[-135.873,58.394],[-135.862,58.577],[-136.043,58.822],[-135.826,58.898],[-136.017,58.874],[-136.134,59.04],[-136.124,58.82],[-136.226,58.765],[-136.451,58.846],[-136.566,58.941],[-136.989,59.034],[-136.948,58.935],[-137.059,58.874],[-136.879,58.882],[-136.614,58.809],[-136.41,58.701],[-136.484,58.618],[-136.225,58.602],[-136.061,58.453],[-136.081,58.364],[-136.462,58.328],[-136.583,58.245],[-136.699,58.266],[-137.544,58.581],[-138.027,58.941],[-138.241,59.047],[-139.799,59.546],[-139.612,59.61],[-139.513,59.698],[-139.582,59.848],[-139.512,59.954],[-139.331,59.877],[-139.287,59.611],[-139.221,59.82],[-138.988,59.835],[-139.242,59.893],[-139.431,60.012],[-139.519,60.017],[-139.917,59.806],[-140.42,59.711],[-140.843,59.749],[-141.408,59.903],[-141.295,59.98],[-141.33,60.083],[-141.409,60.118],[-141.447,60.019],[-141.67,59.97],[-142.946,60.097],[-144.147,60.016],[-144.161,60.046],[-144.084,60.063],[-144.185,60.151],[-144.643,60.225],[-144.901,60.335],[-144.824,60.534],[-144.691,60.669],[-145.248,60.38],[-145.899,60.478],[-145.675,60.651],[-146.149,60.661],[-146.182,60.735],[-146.251,60.749],[-146.503,60.701],[-146.57,60.729],[-146.392,60.811],[-146.638,60.897],[-146.599,61.054],[-146.285,61.113],[-146.583,61.128],[-146.874,61.005],[-147.195,60.997],[-147.361,60.915],[-147.567,60.995],[-147.656,60.91],[-147.808,60.885],[-147.991,60.948],[-147.971,61.019],[-147.752,61.219],[-148.049,61.083],[-148.342,61.06],[-148.411,61.011],[-148.226,61.044],[-148.344,60.854],[-148.556,60.827],[-148.268,60.7],[-148.284,60.609],[-148.51,60.565],[-148.64,60.489],[-148.119,60.575],[-147.964,60.485],[-148.182,60.393],[-148.198,60.168],[-148.333,60.122],[-148.431,59.989],[-148.751,59.948],[-149.122,60.033],[-149.267,59.998],[-149.395,60.106],[-149.598,59.77],[-149.714,59.92],[-149.795,59.856],[-149.782,59.75],[-150.005,59.784],[-149.96,59.713],[-150.198,59.567],[-150.582,59.565],[-150.677,59.427],[-150.935,59.249],[-151.183,59.301],[-151.163,59.257],[-151.222,59.229],[-151.738,59.189],[-151.95,59.265],[-151.932,59.343],[-151.85,59.406],[-151.4,59.516],[-151.046,59.772],[-151.45,59.65],[-151.764,59.7],[-151.853,59.782],[-151.735,59.988],[-151.396,60.274],[-151.313,60.466],[-151.355,60.66],[-151.322,60.743],[-150.441,61.024],[-150.113,60.933],[-149.632,60.952],[-149.075,60.876],[-149.142,60.936],[-149.592,60.994],[-150.053,61.171],[-149.895,61.232],[-149.737,61.363],[-149.329,61.497],[-149.625,61.486],[-149.824,61.413],[-149.976,61.279],[-150.472,61.26],[-150.612,61.301],[-151.282,61.042],[-151.594,60.98],[-151.782,60.858],[-151.75,60.755],[-151.996,60.682],[-152.271,60.528],[-152.307,60.472],[-152.26,60.409],[-152.541,60.265],[-152.727,60.237],[-153.025,60.296],[-152.665,60.125],[-152.629,60.041],[-152.66,59.997],[-152.759,59.921],[-153.186,59.857],[-153.04,59.81],[-153.048,59.73],[-153.094,59.709],[-153.364,59.66],[-153.36,59.717],[-153.414,59.74],[-153.653,59.647],[-153.609,59.615],[-153.753,59.51],[-154.088,59.363],[-154.178,59.156],[-153.418,58.96],[-153.334,58.858],[-153.438,58.755],[-153.862,58.588],[-154.02,58.493],[-154.086,58.366],[-154.289,58.304],[-154.208,58.289],[-154.247,58.159],[-154.571,58.118],[-154.585,58.056],[-155.007,58.016],[-155.147,57.882],[-155.59,57.734],[-155.778,57.568],[-156,57.545],[-156.055,57.448],[-156.242,57.449],[-156.436,57.36],[-156.478,57.328],[-156.4,57.205],[-156.629,57.01],[-156.78,57.006],[-157.139,56.827],[-157.441,56.79],[-157.578,56.634],[-157.869,56.645],[-158.078,56.552],[-157.929,56.532],[-157.982,56.51],[-158.414,56.436],[-158.537,56.335],[-158.344,56.28],[-158.291,56.204],[-158.476,56.075],[-158.591,56.185],[-158.79,55.987],[-159.523,55.81],[-159.568,55.695],[-159.66,55.626],[-159.665,55.795],[-159.743,55.844],[-160.373,55.635],[-160.499,55.537],[-160.625,55.552],[-160.771,55.484],[-160.897,55.514],[-161.178,55.389],[-161.464,55.383],[-161.477,55.465],[-161.413,55.536],[-161.202,55.544],[-161.357,55.612],[-161.517,55.618],[-161.654,55.563],[-161.742,55.391],[-162.074,55.139],[-162.386,55.052],[-162.457,55.078],[-162.413,55.107],[-162.495,55.208],[-162.63,55.247],[-162.619,55.038],[-162.674,54.997],[-162.865,54.955],[-162.996,55.046],[-163.12,55.065],[-163.131,54.917],[-163.335,54.839],[-163.279,55.122],[-163.115,55.194],[-162.907,55.196],[-162.157,55.719],[-161.697,55.907],[-161.216,56.021],[-161.179,56.014],[-161.223,55.977],[-161.193,55.954],[-160.899,55.994],[-160.902,55.941],[-161.008,55.912],[-160.803,55.754],[-160.706,55.87],[-160.292,55.805],[-160.308,55.864],[-160.539,56.006],[-160.302,56.314],[-159.785,56.562],[-159.283,56.689],[-158.918,56.882],[-158.895,56.816],[-158.675,56.795],[-158.661,57.039],[-158.321,57.298],[-157.846,57.528],[-157.462,57.506],[-157.572,57.541],[-157.697,57.679],[-157.611,58.051],[-157.555,58.14],[-157.194,58.194],[-157.488,58.254],[-157.524,58.421],[-157.229,58.641],[-156.975,58.736],[-157.04,58.773],[-156.809,59.134],[-157.142,58.878],[-158.191,58.614],[-158.303,58.642],[-158.503,58.85],[-158.426,58.999],[-158.081,58.977],[-158.423,59.09],[-158.514,59.073],[-158.678,58.929],[-158.809,58.974],[-158.776,58.903],[-158.861,58.719],[-158.772,58.52],[-158.789,58.441],[-158.951,58.405],[-159.67,58.911],[-159.92,58.82],[-160.153,58.906],[-160.363,59.051],[-160.817,58.872],[-161.247,58.799],[-161.361,58.67],[-161.755,58.612],[-162.145,58.644],[-161.724,58.794],[-161.789,59.016],[-161.644,59.11],[-161.891,59.076],[-161.981,59.146],[-162.023,59.284],[-161.872,59.428],[-161.829,59.589],[-162.242,60.178],[-162.421,60.284],[-162.139,60.614],[-161.947,60.685],[-162.138,60.686],[-162.469,60.395],[-162.685,60.269],[-162.527,60.199],[-162.5,60.127],[-162.571,59.99],[-162.733,59.994],[-163.219,59.846],[-163.907,59.807],[-164.143,59.897],[-164.132,59.994],[-164.471,60.149],[-164.662,60.304],[-164.8,60.307],[-165.061,60.413],[-165.027,60.501],[-165.354,60.541],[-165.016,60.74],[-164.9,60.873],[-164.805,60.892],[-164.319,60.771],[-164.266,60.725],[-164.372,60.592],[-164,60.766],[-163.895,60.745],[-163.73,60.59],[-163.529,60.665],[-163.421,60.757],[-163.907,60.854],[-163.587,60.903],[-163.749,60.97],[-163.995,60.865],[-165.115,60.933],[-165.175,60.966],[-164.876,61.087],[-165.077,61.094],[-165.138,61.13],[-165.128,61.192],[-165.204,61.153],[-165.345,61.198],[-165.244,61.269],[-165.274,61.275],[-165.392,61.212],[-165.381,61.106],[-165.566,61.102],[-165.691,61.3],[-165.864,61.336],[-165.906,61.404],[-165.797,61.491],[-165.845,61.536],[-166.094,61.507],[-166.153,61.546],[-166.168,61.651],[-165.809,61.696],[-166.079,61.803],[-165.613,61.869],[-165.725,61.959],[-165.707,62.1],[-165.195,62.474],[-165,62.534],[-164.779,62.481],[-164.844,62.581],[-164.688,62.608],[-164.596,62.687],[-164.793,62.623],[-164.845,62.801],[-164.8,62.918],[-164.677,63.02],[-164.384,63.03],[-164.525,63.128],[-164.409,63.215],[-163.943,63.247],[-163.616,63.125],[-163.738,63.016],[-163.504,63.106],[-163.288,63.046],[-162.948,63.115],[-162.621,63.266],[-162.283,63.529],[-162.112,63.534],[-161.974,63.453],[-161.505,63.468],[-161.266,63.497],[-160.927,63.661],[-160.779,63.819],[-160.988,64.251],[-161.22,64.397],[-161.491,64.434],[-161.415,64.526],[-161.193,64.516],[-160.932,64.579],[-160.836,64.682],[-160.887,64.796],[-161.13,64.925],[-161.466,64.795],[-161.759,64.816],[-161.868,64.743],[-162.335,64.613],[-162.711,64.378],[-162.807,64.374],[-162.876,64.516],[-163.204,64.652],[-163.303,64.606],[-163.052,64.52],[-163.144,64.424],[-163.713,64.588],[-164.304,64.584],[-164.692,64.507],[-164.765,64.53],[-164.979,64.454],[-166.143,64.583],[-166.325,64.626],[-166.481,64.728],[-166.478,64.798],[-166.409,64.827],[-166.415,64.927],[-166.551,64.953],[-166.928,65.157],[-166.531,65.155],[-166.452,65.247],[-166.121,65.261],[-166.157,65.286],[-167.404,65.422],[-167.987,65.568],[-168.088,65.658],[-167.931,65.748],[-167.914,65.681],[-167.58,65.758],[-167.405,65.859],[-167.074,65.877],[-166.748,66.052],[-166.399,66.144],[-165.63,66.131],[-165.56,66.167],[-165.84,66.245],[-165.812,66.288],[-165.449,66.41],[-165.064,66.438],[-164.46,66.588],[-163.728,66.616],[-163.638,66.575],[-163.894,66.576],[-163.775,66.531],[-163.903,66.378],[-163.894,66.287],[-164.034,66.216],[-163.695,66.084],[-162.886,66.099],[-162.587,66.051],[-161.934,66.043],[-161.816,66.054],[-161.455,66.281],[-161.201,66.219],[-161.109,66.24],[-161.034,66.189],[-161.12,66.334],[-161.544,66.407],[-161.828,66.371],[-161.917,66.412],[-161.888,66.493],[-162.191,66.693],[-162.467,66.736],[-162.607,66.894],[-162.362,66.947],[-162.254,66.919],[-162.131,66.801],[-162.018,66.784],[-162.051,66.667],[-161.91,66.56],[-161.591,66.46],[-161.156,66.495],[-160.651,66.373],[-160.232,66.42],[-160.263,66.572],[-160.361,66.613],[-160.644,66.605],[-160.864,66.671],[-161.398,66.552],[-161.857,66.7],[-161.879,66.804],[-161.622,66.979],[-161.72,67.021],[-162.392,67.02],[-162.409,67.104],[-162.583,67.019],[-163.532,67.103],[-163.721,67.196],[-163.943,67.478],[-164.125,67.607],[-165.386,68.046],[-165.96,68.156],[-166.236,68.278],[-166.786,68.36],[-166.546,68.424],[-166.648,68.374],[-166.57,68.361],[-166.381,68.425],[-166.182,68.797],[-166.209,68.885],[-165.509,68.868],[-164.302,68.936],[-163.868,69.037],[-163.536,69.17],[-163.161,69.388],[-163.094,69.611],[-162.952,69.758],[-161.881,70.332],[-161.78,70.277],[-162.074,70.162],[-160.996,70.305],[-160.117,70.591],[-159.963,70.568],[-160.106,70.473],[-160.006,70.448],[-160.095,70.333],[-159.908,70.331],[-159.866,70.279],[-159.815,70.497],[-159.387,70.525],[-159.746,70.53],[-159.962,70.634],[-160.082,70.635],[-159.681,70.787],[-159.315,70.879],[-159.192,70.86],[-159.34,70.781],[-159.251,70.748],[-158.996,70.802],[-157.909,70.86],[-157.325,71.04],[-156.783,71.319],[-156.47,71.408],[-156.395,71.397],[-156.567,71.342],[-156.47,71.292],[-155.646,71.183],[-155.579,71.121],[-155.804,70.995],[-156.147,70.928],[-155.974,70.842],[-155.579,70.894],[-155.167,71.099],[-154.944,71.083],[-154.674,70.987],[-154.785,70.894],[-154.195,70.801],[-153.918,70.877],[-153.233,70.933],[-152.3,70.847],[-152.233,70.81],[-152.437,70.733],[-152.471,70.654],[-152.173,70.557],[-151.769,70.56],[-151.945,70.452],[-151.225,70.419],[-150.663,70.51],[-150.274,70.434],[-149.87,70.51],[-149.269,70.501],[-148.688,70.416],[-148.479,70.318],[-148.143,70.355],[-147.87,70.303],[-147.705,70.217],[-145.823,70.16],[-145.197,70.009],[-144.619,69.982],[-144.417,70.039],[-143.218,70.116],[-142.708,70.034],[-142.297,69.87],[-141.699,69.77],[-141.408,69.653],[-139.977,69.622],[-139.182,69.516],[-138.69,69.317],[-137.869,69.093],[-136.717,68.889],[-136.122,68.882],[-135.259,68.684],[-135.435,68.842],[-135.876,68.917],[-135.939,68.974],[-135.59,69.008],[-135.91,69.111],[-135.691,69.311],[-135.293,69.308],[-135.23,69.425],[-135.141,69.468],[-134.457,69.478],[-134.474,69.633],[-134.409,69.682],[-134.242,69.669],[-134.077,69.558],[-133.9,69.528],[-133.947,69.429],[-134.165,69.281],[-133.163,69.434],[-132.84,69.651],[-132.404,69.659],[-132.568,69.698],[-132.488,69.738],[-132.163,69.705],[-131.441,69.918],[-131.136,69.907],[-130.926,70.052],[-130.665,70.127],[-129.945,70.091],[-129.676,70.193],[-129.538,70.105],[-129.648,69.998],[-130.832,69.651],[-131.938,69.535],[-132.331,69.308],[-132.817,69.206],[-133.418,68.844],[-133.348,68.77],[-133.197,68.74],[-133.138,68.747],[-133.32,68.82],[-133.304,68.847],[-132.706,68.815],[-132.533,68.876],[-132.739,68.922],[-132.77,69.012],[-132.719,69.079],[-131.92,69.291],[-131.787,69.371],[-131.82,69.402],[-131.788,69.432],[-131.343,69.435],[-131.303,69.415],[-131.325,69.361],[-131.162,69.455],[-131.063,69.451],[-130.986,69.363],[-130.971,69.209],[-130.516,69.57],[-130.118,69.72],[-129.109,69.882],[-128.899,69.966],[-128.917,69.895],[-129.158,69.8],[-129.054,69.701],[-128.853,69.751],[-128.387,69.96],[-128.279,70.108],[-127.684,70.26],[-127.974,70.293],[-128.034,70.315],[-127.989,70.363],[-128.17,70.418],[-128.127,70.524],[-127.991,70.574],[-127.226,70.296],[-126.927,70.062],[-126.612,69.73],[-126.064,69.467],[-125.728,69.38],[-125.387,69.349],[-125.172,69.428],[-125.167,69.48],[-125.357,69.626],[-125.346,69.662],[-125.219,69.732],[-125.201,69.829],[-125.08,69.818],[-124.768,69.99],[-124.99,70.027],[-124.555,70.151],[-124.444,70.111],[-124.472,69.919],[-124.407,69.767],[-124.125,69.69],[-124.481,69.425],[-124.338,69.365],[-123.528,69.389],[-123.214,69.542],[-123.026,69.81],[-121.742,69.798],[-120.962,69.66],[-120.14,69.381],[-118.869,69.257],[-118.095,69.043],[-117.227,68.913],[-116.059,68.837],[-116.252,68.958],[-115.806,68.987],[-115.442,68.941],[-114.62,68.746],[-114.218,68.552],[-114.092,68.435],[-113.988,68.415],[-114.021,68.306],[-114.096,68.267],[-114.765,68.27],[-114.852,68.195],[-115.127,68.132],[-115.176,68.104],[-115.167,68.019],[-115.427,67.924],[-115.133,67.819],[-113.893,67.707],[-112.503,67.682],[-111.192,67.823],[-110.99,67.791],[-110.102,67.992],[-109.63,67.733],[-109.038,67.691],[-108.95,67.494],[-108.852,67.422],[-108.715,67.583],[-108.613,67.598],[-108.347,67.403],[-107.989,67.256],[-107.909,67.163],[-107.991,67.095],[-108.221,67.051],[-108.496,67.092],[-107.259,66.399],[-107.71,66.74],[-107.746,66.961],[-107.626,67.003],[-107.499,66.936],[-107.156,66.882],[-107.348,67.055],[-107.283,67.103],[-107.567,67.273],[-107.644,67.385],[-107.65,67.511],[-107.954,67.7],[-107.958,67.819],[-107.763,67.907],[-107.729,67.959],[-107.787,68.013],[-107.761,68.032],[-106.836,68.129],[-106.668,68.216],[-106.424,68.201],[-106.404,68.319],[-105.933,68.443],[-105.781,68.527],[-105.75,68.592],[-105.932,68.637],[-106.458,68.516],[-106.608,68.357],[-106.854,68.387],[-107.298,68.296],[-107.619,68.331],[-107.742,68.286],[-107.678,68.203],[-107.734,68.174],[-108.323,68.154],[-108.718,68.297],[-108.346,68.598],[-107.436,68.689],[-106.164,68.92],[-105.686,68.828],[-105.54,68.719],[-105.377,68.414],[-105.101,68.298],[-104.96,68.311],[-104.912,68.25],[-104.653,68.23],[-104.661,68.149],[-104.487,68.063],[-103.902,68.041],[-103.474,68.115],[-102.842,67.853],[-102.32,67.736],[-101.884,67.745],[-101.555,67.693],[-100.213,67.839],[-99.032,67.719],[-98.412,67.807],[-98.704,67.966],[-98.72,68.042],[-98.632,68.073],[-97.931,67.711],[-97.607,67.631],[-97.455,67.617],[-97.155,67.726],[-97.14,67.796],[-97.207,67.855],[-97.547,67.961],[-98.193,67.923],[-98.5,68.118],[-98.386,68.115],[-98.65,68.364],[-98.469,68.382],[-98.219,68.317],[-97.794,68.388],[-97.939,68.51],[-97.829,68.533],[-97.64,68.482],[-97.336,68.479],[-97,68.265],[-96.628,68.25],[-96.431,68.311],[-96.725,68.061],[-96.531,68.063],[-96.461,68.136],[-95.97,68.249],[-96.199,67.718],[-96.369,67.51],[-96.185,67.376],[-96.141,67.272],[-95.72,67.317],[-95.695,67.299],[-95.783,67.194],[-95.557,67.215],[-95.416,67.156],[-95.419,67.013],[-95.769,66.967],[-96.02,67.019],[-96.216,66.998],[-96.35,67.07],[-96.42,67.036],[-95.885,66.741],[-95.797,66.617],[-95.743,66.69],[-96.045,66.923],[-95.4,66.949],[-95.259,67.263],[-95.463,67.61],[-95.65,67.737],[-95.461,68.021],[-95.126,68.083],[-94.861,68.042],[-94.744,68.071],[-93.928,68.474],[-93.449,68.619],[-93.644,68.633],[-93.681,68.887],[-93.852,69],[-94.065,68.785],[-94.478,68.743],[-94.6,68.803],[-94.563,68.912],[-94.084,69.123],[-94.255,69.151],[-94.255,69.314],[-93.619,69.417],[-93.82,69.253],[-93.749,69.226],[-93.451,69.355],[-93.537,69.382],[-93.532,69.481],[-93.65,69.519],[-94.015,69.447],[-94.271,69.455],[-94.634,69.65],[-94.823,69.578],[-96.05,69.831],[-96.492,70.125],[-96.551,70.21],[-96.546,70.327],[-96.226,70.542],[-95.879,70.549],[-95.98,70.593],[-95.886,70.694],[-96.186,70.638],[-96.359,70.679],[-96.549,70.809],[-96.47,71.07],[-96.525,71.127],[-96.421,71.176],[-96.447,71.24],[-96.406,71.274],[-96.062,71.414],[-95.725,71.328],[-95.564,71.337],[-95.406,71.492],[-95.773,71.514],[-95.872,71.573],[-95.201,71.904],[-94.557,71.979],[-94.479,71.849],[-94.308,71.765]]]}},{"type":"Feature","properties":{},"geometry":{"type":"Polygon","coordinates":[[[-80.732,52.747],[-81.097,52.78],[-81.839,52.958],[-82.039,53.05],[-81.847,53.186],[-81.136,53.206],[-80.765,52.923],[-80.71,52.832],[-80.732,52.747]]]}},{"type":"Feature","properties":{},"geometry":{"type":"Polygon","coordinates":[[[-73.622,67.784],[-74.481,67.805],[-74.679,67.906],[-74.749,68.018],[-74.707,68.067],[-74.379,68.093],[-73.435,67.97],[-73.407,67.793],[-73.622,67.784]]]}},{"type":"Feature","properties":{},"geometry":{"type":"Polygon","coordinates":[[[-77.877,63.471],[-77.704,63.431],[-77.538,63.287],[-77.533,63.234],[-77.658,63.165],[-77.942,63.114],[-78.256,63.24],[-78.537,63.424],[-78.235,63.49],[-77.877,63.471]]]}},{"type":"Feature","properties":{},"geometry":{"type":"Polygon","coordinates":[[[-82,62.954],[-81.961,62.926],[-81.964,62.828],[-82.114,62.652],[-83.016,62.21],[-83.377,62.238],[-83.699,62.16],[-83.761,62.304],[-83.903,62.402],[-83.91,62.454],[-83.376,62.905],[-82.966,62.874],[-82.706,62.945],[-82,62.954]]]}},{"type":"Feature","properties":{},"geometry":{"type":"Polygon","coordinates":[[[-79.545,62.412],[-79.336,62.294],[-79.272,62.186],[-79.324,62.026],[-79.669,61.644],[-79.816,61.595],[-80.265,61.818],[-80.26,62.109],[-80.022,62.343],[-79.868,62.404],[-79.545,62.412]]]}},{"type":"Feature","properties":{},"geometry":{"type":"Polygon","coordinates":[[[-93.543,75.028],[-93.463,74.856],[-93.573,74.669],[-94.535,74.637],[-94.804,74.66],[-95.286,74.794],[-95.865,74.83],[-96.094,74.933],[-96.27,74.92],[-96.386,74.999],[-96.56,74.99],[-96.6,75.032],[-96.383,75.211],[-96.18,75.24],[-96.118,75.301],[-96.125,75.358],[-95.955,75.444],[-95.671,75.529],[-94.878,75.63],[-94.427,75.593],[-93.909,75.423],[-93.498,75.137],[-93.543,75.028]]]}},{"type":"Feature","properties":{},"geometry":{"type":"Polygon","coordinates":[[[-105.289,72.92],[-105.434,72.938],[-106.071,73.196],[-106.18,73.304],[-106.95,73.51],[-106.614,73.696],[-105.512,73.766],[-105.114,73.744],[-104.587,73.578],[-104.552,73.466],[-104.622,73.311],[-105.003,73.038],[-105.289,72.92]]]}},{"type":"Feature","properties":{},"geometry":{"type":"Polygon","coordinates":[[[-100.002,73.946],[-99.158,73.732],[-97.67,73.888],[-97.327,73.862],[-97.112,73.79],[-96.997,73.675],[-97.156,73.592],[-97.626,73.502],[-97.35,73.481],[-97.23,73.421],[-97.273,73.387],[-97.796,73.285],[-98.376,73.045],[-98.431,72.958],[-98.367,72.934],[-97.939,73.036],[-97.636,73.028],[-97.329,72.938],[-97.296,72.918],[-97.371,72.878],[-97.083,72.763],[-97.073,72.718],[-97.159,72.643],[-97.128,72.628],[-96.542,72.699],[-96.446,72.552],[-96.473,72.434],[-96.638,72.342],[-96.801,72.322],[-96.593,72.204],[-96.766,72.046],[-96.624,71.968],[-96.613,71.834],[-96.946,71.792],[-97.222,71.673],[-97.582,71.63],[-98.181,71.662],[-98.284,71.716],[-98.306,71.848],[-98.459,71.773],[-98.231,71.559],[-98.199,71.441],[-98.663,71.302],[-99.167,71.367],[-99.735,71.757],[-100.594,72.152],[-100.984,72.21],[-101.209,72.317],[-101.498,72.278],[-101.724,72.315],[-101.974,72.486],[-102.402,72.595],[-102.709,72.765],[-102.551,72.978],[-102.204,73.077],[-101.922,73.057],[-101.273,72.722],[-100.485,72.773],[-100.396,72.977],[-100.228,72.899],[-100.128,72.907],[-100.092,72.945],[-100.236,73.095],[-100.531,73.138],[-100.536,73.198],[-100.341,73.265],[-99.825,73.214],[-100.366,73.359],[-100.889,73.275],[-101.523,73.486],[-101.323,73.572],[-100.976,73.6],[-100.522,73.449],[-100.607,73.575],[-100.898,73.658],[-100.985,73.765],[-100.484,73.844],[-99.991,73.795],[-99.912,73.847],[-100.225,73.873],[-100.002,73.946]]]}},{"type":"Feature","properties":{},"geometry":{"type":"Polygon","coordinates":[[[-84.92,65.261],[-84.842,65.256],[-84.612,65.447],[-84.501,65.458],[-84.266,65.367],[-84.085,65.218],[-83.491,65.132],[-83.222,64.968],[-82.668,64.78],[-82.05,64.644],[-81.787,64.426],[-81.676,64.213],[-81.721,64.119],[-81.903,64.031],[-81.336,64.076],[-81.024,64.031],[-80.921,64.1],[-80.829,64.09],[-80.569,63.932],[-80.668,63.901],[-80.261,63.802],[-81.046,63.462],[-81.963,63.664],[-82.378,63.707],[-82.467,63.927],[-83.034,64.023],[-83.016,64.127],[-83.065,64.159],[-83.304,64.144],[-83.584,64.058],[-83.728,63.813],[-84.022,63.66],[-84.308,63.586],[-84.633,63.309],[-85.393,63.12],[-85.496,63.139],[-85.714,63.658],[-85.769,63.7],[-86.576,63.662],[-86.915,63.569],[-87.152,63.586],[-87.194,63.633],[-86.932,63.902],[-86.252,64.137],[-86.354,64.377],[-86.374,64.566],[-86.188,65.01],[-86.075,65.534],[-85.814,65.832],[-85.555,65.919],[-85.241,65.796],[-85.105,65.623],[-85.24,65.51],[-85.056,65.437],[-84.92,65.261]]]}},{"type":"Feature","properties":{},"geometry":{"type":"Polygon","coordinates":[[[-75.676,68.323],[-75.154,68.234],[-75.078,68.173],[-75.062,68.075],[-75.124,67.985],[-75.091,67.635],[-75.202,67.459],[-75.4,67.367],[-75.78,67.284],[-76.694,67.236],[-77.005,67.267],[-77.224,67.508],[-77.304,67.685],[-77.229,67.85],[-76.74,68.231],[-76.364,68.319],[-75.676,68.323]]]}},{"type":"Feature","properties":{},"geometry":{"type":"Polygon","coordinates":[[[-79.537,73.654],[-78.287,73.666],[-77.207,73.5],[-77.005,73.356],[-76.759,73.31],[-76.57,73.159],[-76.29,73.081],[-76.31,72.998],[-76.09,72.881],[-76.401,72.821],[-77.836,72.897],[-78.314,72.882],[-79.501,72.756],[-79.937,72.864],[-80.052,72.977],[-80.183,73.225],[-80.618,73.271],[-80.776,73.334],[-80.823,73.429],[-80.736,73.483],[-80.827,73.535],[-80.861,73.671],[-80.763,73.758],[-80.412,73.765],[-79.537,73.654]]]}},{"type":"Feature","properties":{},"geometry":{"type":"Polygon","coordinates":[[[-97.701,76.467],[-97.737,76.363],[-97.531,76.182],[-97.531,76.109],[-97.65,75.979],[-97.603,75.879],[-97.694,75.803],[-97.891,75.76],[-97.408,75.673],[-97.41,75.552],[-97.336,75.42],[-97.653,75.508],[-97.878,75.416],[-97.853,75.26],[-97.66,75.151],[-97.799,75.117],[-98.045,75.201],[-98.092,75.176],[-97.953,75.06],[-97.992,75.046],[-98.704,75.006],[-99.326,75.049],[-99.627,74.984],[-100.234,75.008],[-100.483,75.188],[-100.152,75.236],[-100.731,75.347],[-100.704,75.394],[-100.28,75.461],[-99.591,75.655],[-99.195,75.698],[-101.461,75.608],[-102.541,75.514],[-102.798,75.6],[-102.252,75.778],[-102.271,75.813],[-102.145,75.875],[-101.943,75.884],[-101.261,75.758],[-100.973,75.798],[-101.259,75.784],[-101.506,75.918],[-101.431,75.992],[-101.717,76.008],[-101.872,76.083],[-101.529,76.217],[-101.557,76.236],[-101.91,76.234],[-102.138,76.285],[-101.788,76.451],[-101.34,76.41],[-101.139,76.345],[-101.056,76.246],[-99.865,75.924],[-99.701,75.941],[-100.113,76.117],[-99.541,76.146],[-100.414,76.243],[-99.983,76.3],[-100.874,76.457],[-100.83,76.524],[-100.574,76.585],[-100.069,76.635],[-99.669,76.624],[-99.17,76.454],[-98.89,76.466],[-99.024,76.615],[-98.711,76.694],[-97.701,76.467]]]}},{"type":"Feature","properties":{},"geometry":{"type":"Polygon","coordinates":[[[-94.295,76.912],[-93.811,76.914],[-93.23,76.77],[-93.201,76.669],[-93.535,76.448],[-92.995,76.62],[-91.305,76.681],[-90.555,76.516],[-90.622,76.465],[-91.398,76.51],[-91.443,76.499],[-91.415,76.456],[-89.285,76.302],[-89.219,76.258],[-89.407,76.189],[-90.312,76.158],[-91.407,76.22],[-91.279,76.16],[-90.712,76.076],[-90.251,76.053],[-89.793,75.925],[-89.695,75.854],[-89.278,75.795],[-89.205,75.762],[-89.257,75.698],[-89.625,75.584],[-89.28,75.564],[-88.917,75.454],[-88.804,75.502],[-88.852,75.625],[-88.645,75.658],[-88.201,75.512],[-87.73,75.576],[-87.539,75.485],[-87.257,75.618],[-86.814,75.491],[-85.951,75.395],[-85.905,75.442],[-86.069,75.502],[-84.987,75.645],[-84.605,75.653],[-83.932,75.819],[-83.237,75.751],[-82.154,75.831],[-81.269,75.756],[-81.151,75.736],[-81.193,75.684],[-81.001,75.643],[-80.322,75.629],[-80.119,75.562],[-80.287,75.49],[-79.66,75.45],[-79.509,75.26],[-80.358,75.052],[-80.135,74.988],[-79.664,75.021],[-79.401,74.918],[-79.944,74.834],[-80.348,74.903],[-80.149,74.796],[-80.213,74.749],[-80.263,74.584],[-81.226,74.567],[-81.94,74.473],[-82.931,74.566],[-83.117,74.693],[-83.103,74.817],[-83.522,74.901],[-83.51,74.848],[-83.341,74.765],[-83.394,74.67],[-83.532,74.586],[-84.426,74.508],[-85.061,74.607],[-85.133,74.517],[-85.442,74.601],[-85.544,74.535],[-85.808,74.499],[-86.731,74.557],[-86.666,74.489],[-88.423,74.494],[-88.556,74.541],[-88.538,74.609],[-88.34,74.785],[-88.535,74.832],[-88.682,74.802],[-88.851,74.69],[-88.94,74.79],[-89.192,74.745],[-89.196,74.638],[-89.559,74.555],[-90.553,74.613],[-90.967,74.715],[-90.878,74.801],[-91.13,74.736],[-91.164,74.71],[-91.135,74.65],[-91.508,74.651],[-91.962,74.793],[-92.174,75.051],[-92.06,75.101],[-92.389,75.263],[-92.428,75.383],[-92.081,75.634],[-92.185,75.847],[-93.092,76.354],[-93.852,76.27],[-94.585,76.297],[-95.274,76.264],[-95.447,76.363],[-96.04,76.487],[-95.651,76.585],[-95.971,76.57],[-96.846,76.726],[-96.898,76.773],[-96.402,76.797],[-96.814,76.913],[-96.685,76.985],[-95.85,77.066],[-94.295,76.912]]]}},{"type":"Feature","properties":{},"geometry":{"type":"Polygon","coordinates":[[[-108.292,76.057],[-107.852,76.058],[-107.723,75.995],[-108.021,75.805],[-107.541,75.901],[-107.216,75.892],[-107.05,75.845],[-106.914,75.68],[-106.892,75.782],[-106.693,75.81],[-106.862,75.93],[-106.677,76.024],[-106.397,76.06],[-105.905,76.009],[-105.604,75.93],[-105.481,75.702],[-105.678,75.501],[-105.863,75.192],[-106.093,75.089],[-107.153,74.927],[-107.82,75],[-108.475,74.947],[-108.751,74.992],[-108.633,75.023],[-108.831,75.065],[-109.503,74.883],[-110.387,74.814],[-110.941,74.639],[-112.519,74.417],[-113.514,74.43],[-114.175,74.574],[-114.377,74.671],[-114.132,74.766],[-112.836,74.976],[-111.671,75.019],[-111.033,75.227],[-111.181,75.26],[-111.621,75.168],[-112.214,75.133],[-112.597,75.212],[-112.951,75.108],[-113.712,75.069],[-113.845,75.112],[-113.886,75.211],[-113.853,75.259],[-113.467,75.416],[-113.879,75.375],[-114.017,75.434],[-114.168,75.24],[-114.514,75.275],[-114.358,75.171],[-114.452,75.088],[-115.02,74.976],[-115.28,75.102],[-115.413,75.115],[-115.729,74.968],[-116.143,75.042],[-116.476,75.172],[-117.005,75.156],[-117.502,75.204],[-117.6,75.272],[-117.513,75.357],[-117.258,75.46],[-116.077,75.493],[-115.142,75.679],[-115.122,75.706],[-116.426,75.585],[-117.025,75.602],[-117.164,75.645],[-116.973,75.746],[-116.802,75.772],[-114.992,75.896],[-116.338,75.881],[-116.665,75.958],[-116.55,76.017],[-116.61,76.074],[-116.21,76.194],[-114.779,76.173],[-115.822,76.27],[-115.779,76.365],[-115.581,76.438],[-114.998,76.497],[-114.535,76.502],[-114.194,76.451],[-114.059,76.301],[-113.823,76.207],[-113.171,76.258],[-112.698,76.202],[-111.865,75.939],[-112.081,75.847],[-111.549,75.822],[-111.276,75.613],[-111.053,75.549],[-109.086,75.506],[-108.913,75.587],[-108.945,75.699],[-109.796,75.863],[-109.871,75.929],[-109.455,76.021],[-109.43,76.109],[-109.71,76.212],[-110.201,76.289],[-110.314,76.369],[-109.339,76.76],[-108.832,76.821],[-108.467,76.738],[-108.635,76.609],[-108.524,76.447],[-108.194,76.33],[-108.123,76.233],[-108.406,76.085],[-108.292,76.057]]]}},{"type":"Feature","properties":{},"geometry":{"type":"Polygon","coordinates":[[[-93.171,74.161],[-92.587,74.083],[-92.223,73.972],[-91.63,74.028],[-91.088,74.009],[-90.627,73.952],[-90.355,73.869],[-90.566,73.686],[-90.934,73.528],[-91.249,73.304],[-91.554,73.236],[-91.426,73.195],[-91.788,72.915],[-92.118,72.754],[-92.392,72.718],[-93.341,72.802],[-94.211,72.757],[-93.771,72.668],[-93.572,72.559],[-93.542,72.437],[-93.871,72.253],[-94.038,72.029],[-94.144,72.001],[-94.497,72.044],[-95.193,72.027],[-95.167,72.18],[-95.251,72.502],[-95.602,72.884],[-95.645,73.671],[-95.569,73.728],[-95.386,73.755],[-94.698,73.664],[-94.897,73.716],[-95.134,73.881],[-95.121,73.985],[-94.974,74.041],[-94.483,74.113],[-93.171,74.161]]]}},{"type":"Feature","properties":{},"geometry":{"type":"Polygon","coordinates":[[[-97.439,69.643],[-97.236,69.673],[-96.875,69.51],[-96.3,69.344],[-95.751,68.898],[-95.585,68.835],[-95.374,68.892],[-95.268,68.826],[-95.466,68.747],[-95.686,68.736],[-96.402,68.471],[-96.599,68.461],[-97.008,68.539],[-97.472,68.544],[-98.235,68.739],[-98.321,68.843],[-98.54,68.798],[-98.775,68.817],[-98.904,68.932],[-99.254,68.863],[-99.441,68.918],[-99.564,69.034],[-99.456,69.131],[-98.912,69.168],[-98.504,69.308],[-98.467,69.375],[-98.559,69.461],[-98.448,69.48],[-98.546,69.573],[-98.041,69.457],[-98.163,69.512],[-98.304,69.669],[-98.239,69.78],[-98.081,69.833],[-97.691,69.841],[-97.411,69.738],[-97.383,69.712],[-97.46,69.683],[-97.439,69.643]]]}},{"type":"Feature","properties":{},"geometry":{"type":"Polygon","coordinates":[[[-114.522,72.593],[-113.578,72.652],[-113.5,72.694],[-113.45,72.863],[-113.208,72.981],[-113.074,72.995],[-112.048,72.888],[-111.27,72.714],[-111.25,72.669],[-111.356,72.572],[-111.611,72.436],[-111.895,72.356],[-111.675,72.3],[-111.311,72.455],[-111.265,72.459],[-111.284,72.378],[-111.14,72.365],[-110.782,72.534],[-110.205,72.661],[-110.197,72.759],[-110.554,72.861],[-110.689,72.945],[-110.661,73.008],[-110.008,72.984],[-109.122,72.726],[-108.987,72.671],[-108.994,72.596],[-108.755,72.551],[-108.188,71.724],[-107.813,71.626],[-107.687,71.716],[-107.347,71.819],[-107.369,71.859],[-107.306,71.895],[-107.696,72.149],[-107.824,72.443],[-107.933,72.52],[-108.237,73.15],[-107.936,73.217],[-108.077,73.281],[-108.029,73.349],[-107.72,73.329],[-107.113,73.192],[-106.951,73.276],[-106.482,73.196],[-105.813,73.011],[-105.415,72.788],[-105.43,72.74],[-105.323,72.635],[-105.234,72.415],[-104.878,71.98],[-104.386,71.577],[-104.356,71.382],[-104.563,71.132],[-104.515,71.064],[-104.167,70.927],[-103.953,70.763],[-103.585,70.631],[-103.105,70.51],[-103.001,70.541],[-103.083,70.619],[-103.05,70.655],[-101.99,70.285],[-101.676,70.278],[-101.562,70.135],[-101.091,70.136],[-100.973,70.029],[-100.906,69.812],[-100.935,69.715],[-101.044,69.669],[-101.337,69.71],[-101.484,69.85],[-101.648,69.699],[-102.234,69.842],[-102.596,69.718],[-102.535,69.621],[-102.621,69.552],[-103.435,69.668],[-103.465,69.644],[-103.418,69.611],[-103.063,69.485],[-103.04,69.368],[-103.12,69.205],[-102.884,69.341],[-102.447,69.476],[-102.151,69.488],[-101.978,69.425],[-102.053,69.36],[-102.046,69.258],[-101.899,69.246],[-101.789,69.182],[-101.857,69.024],[-102.895,68.824],[-103.468,68.809],[-104.353,68.928],[-104.571,68.872],[-105.106,68.92],[-105.169,68.955],[-105.022,69.052],[-105.533,69.134],[-106.141,69.162],[-106.341,69.224],[-106.361,69.381],[-106.42,69.414],[-106.659,69.44],[-106.856,69.347],[-107.033,69.181],[-107.44,69.002],[-108.365,68.935],[-108.946,68.76],[-109.472,68.677],[-111.128,68.588],[-111.311,68.542],[-113.02,68.481],[-113.231,68.535],[-113.555,68.768],[-113.617,68.838],[-113.593,68.96],[-113.681,69.182],[-114.323,69.269],[-115.861,69.304],[-116.513,69.425],[-117.104,69.804],[-117.195,70.054],[-117.163,70.092],[-116.554,70.175],[-114.592,70.312],[-112.638,70.225],[-111.633,70.309],[-112.114,70.447],[-113.757,70.691],[-115.991,70.586],[-117.587,70.63],[-118.377,70.968],[-117.814,71.158],[-115.892,71.382],[-116.045,71.423],[-115.98,71.469],[-115.303,71.494],[-115.587,71.546],[-117.936,71.392],[-118.222,71.449],[-118.148,71.526],[-117.878,71.561],[-117.742,71.659],[-118.583,71.649],[-118.868,71.687],[-118.988,71.764],[-118.96,71.972],[-118.59,72.167],[-118.213,72.263],[-118.481,72.428],[-118.375,72.534],[-117.552,72.831],[-116.573,73.055],[-114.638,73.373],[-114.206,73.298],[-114.052,73.071],[-114.075,72.907],[-114.522,72.593]]]}},{"type":"Feature","properties":{},"geometry":{"type":"Polygon","coordinates":[[[-119.736,74.113],[-119.471,74.201],[-119.206,74.198],[-119.139,74.128],[-119.132,74.028],[-119.083,74.021],[-118.544,74.245],[-117.515,74.232],[-116.95,74.101],[-115.634,73.666],[-115.456,73.585],[-115.393,73.502],[-115.524,73.417],[-116.483,73.253],[-118.962,72.684],[-119.132,72.609],[-119.513,72.303],[-120.18,72.213],[-120.194,72.127],[-120.366,71.888],[-120.443,71.631],[-120.619,71.506],[-121.472,71.389],[-121.749,71.445],[-122.157,71.266],[-122.84,71.097],[-123.096,71.094],[-123.315,71.169],[-123.682,71.493],[-124.008,71.677],[-125.297,71.973],[-125.829,71.966],[-125.769,72.129],[-125.584,72.183],[-125.647,72.237],[-125.383,72.424],[-124.987,72.588],[-125.03,72.645],[-124.97,72.843],[-124.583,72.926],[-124.588,73.005],[-124.817,73.059],[-124.804,73.126],[-124.594,73.243],[-124.424,73.419],[-124.114,73.527],[-124.03,73.644],[-123.797,73.768],[-123.873,73.828],[-124.192,73.902],[-124.709,74.327],[-121.504,74.545],[-119.944,74.254],[-119.563,74.233],[-119.736,74.113]]]}},{"type":"Feature","properties":{},"geometry":{"type":"Polygon","coordinates":[[[-56.151,46.762],[-56.243,46.767],[-56.153,46.811],[-56.151,46.762]]]}},{"type":"Feature","properties":{},"geometry":{"type":"Polygon","coordinates":[[[-79.384,51.952],[-79.644,52.01],[-79.271,52.087],[-79.384,51.952]]]}},{"type":"Feature","properties":{},"geometry":{"type":"Polygon","coordinates":[[[-78.827,56.145],[-78.914,56.133],[-78.799,56.383],[-78.669,56.439],[-78.673,56.26],[-78.827,56.145]]]}},{"type":"Feature","properties":{},"geometry":{"type":"Polygon","coordinates":[[[-78.936,56.266],[-79.175,55.885],[-79.274,55.922],[-79.142,56.136],[-79.182,56.212],[-79.495,55.875],[-79.765,55.807],[-79.497,56.093],[-79.545,56.128],[-79.905,55.871],[-79.987,55.892],[-80.001,55.932],[-79.515,56.327],[-79.469,56.523],[-79.432,56.447],[-79.554,56.192],[-79.458,56.211],[-79.339,56.376],[-79.272,56.6],[-78.963,56.422],[-78.936,56.266]]]}},{"type":"Feature","properties":{},"geometry":{"type":"Polygon","coordinates":[[[-79.867,56.775],[-79.944,56.777],[-79.898,56.865],[-79.827,56.843],[-79.867,56.775]]]}},{"type":"Feature","properties":{},"geometry":{"type":"Polygon","coordinates":[[[-79.717,57.516],[-79.775,57.514],[-79.792,57.449],[-79.838,57.483],[-79.768,57.599],[-79.727,57.605],[-79.717,57.516]]]}},{"type":"Feature","properties":{},"geometry":{"type":"Polygon","coordinates":[[[-79.978,56.207],[-80.089,56.214],[-80.057,56.287],[-79.606,56.459],[-79.688,56.327],[-79.978,56.207]]]}},{"type":"Feature","properties":{},"geometry":{"type":"Polygon","coordinates":[[[-80.285,59.624],[-80.317,59.621],[-80.299,59.674],[-80.167,59.709],[-80.285,59.624]]]}},{"type":"Feature","properties":{},"geometry":{"type":"Polygon","coordinates":[[[-79.938,53.304],[-80.004,53.28],[-80.068,53.324],[-80.05,53.364],[-79.938,53.304]]]}},{"type":"Feature","properties":{},"geometry":{"type":"Polygon","coordinates":[[[-80.064,59.771],[-80.167,59.764],[-80.041,59.87],[-79.899,59.853],[-80.064,59.771]]]}},{"type":"Feature","properties":{},"geometry":{"type":"Polygon","coordinates":[[[-79.518,56.657],[-79.553,56.644],[-79.57,56.796],[-79.491,56.743],[-79.518,56.657]]]}},{"type":"Feature","properties":{},"geometry":{"type":"Polygon","coordinates":[[[-96.782,72.937],[-96.944,72.927],[-97.093,72.997],[-97.069,73.13],[-96.862,73.189],[-96.598,73.074],[-96.671,72.961],[-96.782,72.937]]]}},{"type":"Feature","properties":{},"geometry":{"type":"Polygon","coordinates":[[[-97.356,74.526],[-97.656,74.466],[-97.75,74.511],[-97.417,74.627],[-97.291,74.576],[-97.356,74.526]]]}},{"type":"Feature","properties":{},"geometry":{"type":"Polygon","coordinates":[[[-98.27,73.869],[-98.974,73.812],[-99.417,73.895],[-98.818,74.021],[-98.061,74.105],[-97.667,74.09],[-97.755,74.006],[-98.27,73.869]]]}},{"type":"Feature","properties":{},"geometry":{"type":"Polygon","coordinates":[[[-90.2,69.419],[-90.177,69.357],[-90.295,69.258],[-90.492,69.37],[-90.2,69.419]]]}},{"type":"Feature","properties":{},"geometry":{"type":"Polygon","coordinates":[[[-90.493,69.221],[-90.574,69.209],[-90.772,69.293],[-90.766,69.336],[-90.6,69.368],[-90.493,69.221]]]}},{"type":"Feature","properties":{},"geometry":{"type":"Polygon","coordinates":[[[-74,62.618],[-74.254,62.622],[-74.626,62.713],[-74.109,62.68],[-74.017,62.663],[-74,62.618]]]}},{"type":"Feature","properties":{},"geometry":{"type":"Polygon","coordinates":[[[-74.881,68.349],[-75.31,68.474],[-75.4,68.525],[-75.396,68.589],[-75.287,68.688],[-74.984,68.648],[-74.798,68.458],[-74.881,68.349]]]}},{"type":"Feature","properties":{},"geometry":{"type":"Polygon","coordinates":[[[-78.532,60.729],[-78.669,60.717],[-78.612,60.772],[-78.242,60.819],[-78.532,60.729]]]}},{"type":"Feature","properties":{},"geometry":{"type":"Polygon","coordinates":[[[-78.983,68.193],[-79.174,68.235],[-79.153,68.335],[-78.953,68.353],[-78.829,68.268],[-78.983,68.193]]]}},{"type":"Feature","properties":{},"geometry":{"type":"Polygon","coordinates":[[[-76.678,63.394],[-76.922,63.406],[-77.365,63.588],[-77.134,63.682],[-76.652,63.504],[-76.678,63.394]]]}},{"type":"Feature","properties":{},"geometry":{"type":"Polygon","coordinates":[[[-64.824,62.559],[-64.515,62.552],[-64.418,62.487],[-64.478,62.418],[-64.657,62.384],[-64.956,62.458],[-64.842,62.494],[-64.824,62.559]]]}},{"type":"Feature","properties":{},"geometry":{"type":"Polygon","coordinates":[[[-62.682,67.056],[-62.805,67.029],[-62.872,67.063],[-62.625,67.177],[-62.417,67.188],[-62.682,67.056]]]}},{"type":"Feature","properties":{},"geometry":{"type":"Polygon","coordinates":[[[-68.234,60.241],[-68.365,60.254],[-68.368,60.315],[-68.142,60.562],[-67.978,60.57],[-67.819,60.45],[-67.922,60.34],[-68.234,60.241]]]}},{"type":"Feature","properties":{},"geometry":{"type":"Polygon","coordinates":[[[-70.337,62.549],[-70.766,62.597],[-70.986,62.788],[-71.22,62.874],[-70.835,62.84],[-70.443,62.734],[-70.269,62.578],[-70.337,62.549]]]}},{"type":"Feature","properties":{},"geometry":{"type":"Polygon","coordinates":[[[-64.833,61.366],[-65.394,61.563],[-65.432,61.65],[-65.13,61.686],[-64.79,61.662],[-64.67,61.593],[-64.696,61.471],[-64.833,61.366]]]}},{"type":"Feature","properties":{},"geometry":{"type":"Polygon","coordinates":[[[-67.915,69.541],[-68.202,69.58],[-68.221,69.617],[-67.909,69.682],[-67.755,69.631],[-67.915,69.541]]]}},{"type":"Feature","properties":{},"geometry":{"type":"Polygon","coordinates":[[[-79.431,69.788],[-79.365,69.712],[-79.553,69.631],[-80.048,69.634],[-79.954,69.523],[-80.047,69.514],[-80.448,69.65],[-80.778,69.677],[-80.727,69.74],[-80.466,69.737],[-80.438,69.783],[-80.214,69.802],[-80.125,69.737],[-79.594,69.81],[-79.431,69.788]]]}},{"type":"Feature","properties":{},"geometry":{"type":"Polygon","coordinates":[[[-78.029,69.715],[-77.978,69.665],[-78.04,69.608],[-78.47,69.503],[-78.848,69.483],[-78.579,69.639],[-78.296,69.667],[-78.201,69.74],[-78.029,69.715]]]}},{"type":"Feature","properties":{},"geometry":{"type":"Polygon","coordinates":[[[-77.642,63.992],[-77.714,63.946],[-77.958,63.976],[-77.931,64.015],[-77.569,64.03],[-77.642,63.992]]]}},{"type":"Feature","properties":{},"geometry":{"type":"Polygon","coordinates":[[[-83.123,66.283],[-82.948,66.272],[-83.06,66.199],[-83.214,66.277],[-83.222,66.336],[-83.123,66.283]]]}},{"type":"Feature","properties":{},"geometry":{"type":"Polygon","coordinates":[[[-79.211,68.845],[-79.361,68.858],[-79.406,68.923],[-79.243,69.049],[-78.93,69.123],[-78.772,69.252],[-78.662,69.262],[-78.689,69.3],[-78.65,69.351],[-78.333,69.386],[-78.234,69.315],[-78.779,68.95],[-79.211,68.845]]]}},{"type":"Feature","properties":{},"geometry":{"type":"Polygon","coordinates":[[[-76.995,69.144],[-77.276,69.162],[-77.379,69.274],[-77.352,69.379],[-77.188,69.44],[-76.684,69.38],[-76.67,69.349],[-76.995,69.144]]]}},{"type":"Feature","properties":{},"geometry":{"type":"Polygon","coordinates":[[[-65.031,61.879],[-64.847,61.762],[-64.928,61.733],[-65.166,61.798],[-65.235,61.898],[-65.126,61.942],[-65.031,61.879]]]}},{"type":"Feature","properties":{},"geometry":{"type":"Polygon","coordinates":[[[-86.913,70.113],[-86.613,70.106],[-86.515,70.017],[-86.734,69.976],[-87.044,70],[-87.323,70.08],[-87.107,70.147],[-86.913,70.113]]]}},{"type":"Feature","properties":{},"geometry":{"type":"Polygon","coordinates":[[[-83.726,65.797],[-83.234,65.715],[-83.381,65.63],[-83.583,65.699],[-83.65,65.658],[-83.788,65.669],[-83.798,65.71],[-83.702,65.756],[-83.814,65.788],[-84.118,65.772],[-84.143,65.916],[-84.37,66.012],[-84.456,66.106],[-84.122,66.078],[-83.787,65.966],[-83.701,65.92],[-83.765,65.831],[-83.726,65.797]]]}},{"type":"Feature","properties":{},"geometry":{"type":"Polygon","coordinates":[[[-86.596,67.736],[-86.893,67.837],[-86.908,67.902],[-86.847,68.01],[-86.96,68.1],[-86.702,68.306],[-86.57,68.288],[-86.421,68.183],[-86.396,67.889],[-86.596,67.736]]]}},{"type":"Feature","properties":{},"geometry":{"type":"Polygon","coordinates":[[[-84.675,65.575],[-84.783,65.57],[-85.096,65.756],[-85.174,65.944],[-85.15,66.015],[-84.939,66.009],[-84.757,65.859],[-84.603,65.657],[-84.675,65.575]]]}},{"type":"Feature","properties":{},"geometry":{"type":"Polygon","coordinates":[[[-93.044,61.844],[-93.197,61.919],[-93.076,61.935],[-92.993,61.89],[-93.044,61.844]]]}},{"type":"Feature","properties":{},"geometry":{"type":"Polygon","coordinates":[[[-95.307,74.505],[-95.834,74.569],[-95.66,74.637],[-95.51,74.637],[-95.278,74.54],[-95.307,74.505]]]}},{"type":"Feature","properties":{},"geometry":{"type":"Polygon","coordinates":[[[-55.459,51.537],[-55.583,51.389],[-56.031,51.328],[-56,51.199],[-55.841,51.205],[-55.796,51.166],[-55.8,51.033],[-55.871,50.907],[-56.107,50.759],[-56.196,50.585],[-56.454,50.38],[-56.484,50.271],[-56.732,50.008],[-56.839,49.788],[-56.822,49.613],[-56.179,50.115],[-56.122,50.063],[-56.164,49.957],[-55.927,50.018],[-55.765,49.96],[-55.503,49.983],[-55.584,49.892],[-56.04,49.705],[-56.14,49.619],[-55.87,49.67],[-55.892,49.58],[-56.087,49.452],[-55.815,49.515],[-55.678,49.435],[-55.376,49.49],[-55.355,49.381],[-55.29,49.392],[-55.283,49.514],[-55.23,49.508],[-55.2,49.408],[-55.353,49.079],[-55.252,49.121],[-55.254,49.18],[-55.176,49.244],[-55.026,49.305],[-54.983,49.268],[-54.502,49.527],[-54.469,49.53],[-54.463,49.342],[-54.317,49.424],[-53.958,49.442],[-53.619,49.322],[-53.57,49.264],[-53.573,49.141],[-53.903,48.889],[-54.161,48.788],[-53.853,48.811],[-53.966,48.707],[-53.698,48.68],[-53.795,48.526],[-54.114,48.394],[-53.644,48.511],[-53.552,48.482],[-53.411,48.562],[-53.028,48.635],[-53.037,48.516],[-53.136,48.402],[-53.334,48.356],[-53.61,48.208],[-53.56,48.174],[-53.569,48.088],[-53.87,48.02],[-53.653,48.026],[-53.695,47.921],[-53.862,47.799],[-53.805,47.682],[-53.672,47.648],[-53.504,47.744],[-53.283,47.998],[-52.883,48.131],[-52.872,48.094],[-53.154,47.735],[-53.17,47.512],[-53.122,47.455],[-52.945,47.553],[-52.782,47.769],[-52.711,47.745],[-52.654,47.549],[-52.684,47.426],[-52.912,47.103],[-52.889,46.974],[-53.07,46.681],[-53.167,46.646],[-53.323,46.718],[-53.568,46.628],[-53.616,46.68],[-53.578,47.133],[-53.636,47.138],[-54.01,46.84],[-54.076,46.82],[-54.174,46.88],[-54.093,47.086],[-53.85,47.44],[-53.989,47.756],[-54.192,47.86],[-54.488,47.404],[-54.563,47.375],[-54.463,47.536],[-54.651,47.408],[-54.857,47.385],[-55.09,47.174],[-55.14,47.046],[-55.316,46.906],[-55.789,46.867],[-55.95,46.928],[-55.919,47.017],[-55.492,47.161],[-55.191,47.449],[-54.976,47.516],[-54.795,47.64],[-55.366,47.661],[-55.435,47.501],[-55.576,47.465],[-55.862,47.53],[-56.127,47.503],[-55.867,47.592],[-55.858,47.819],[-56.02,47.764],[-56.121,47.789],[-56.263,47.658],[-56.774,47.565],[-58.333,47.677],[-58.327,47.72],[-58.941,47.58],[-59.117,47.571],[-59.26,47.634],[-59.362,47.866],[-59.341,47.934],[-58.605,48.411],[-58.336,48.514],[-59.167,48.522],[-59.168,48.558],[-58.842,48.746],[-58.906,48.65],[-58.716,48.598],[-58.494,49.003],[-58.404,49.084],[-58.186,49.062],[-58.006,48.981],[-58.099,49.077],[-57.991,49.209],[-58.191,49.259],[-58.213,49.387],[-58.016,49.542],[-57.856,49.474],[-57.791,49.49],[-57.926,49.701],[-57.433,50.506],[-57.331,50.605],[-57.18,50.615],[-57.294,50.673],[-57.053,50.857],[-57.006,50.94],[-57.037,50.996],[-56.825,51.126],[-56.682,51.333],[-56.026,51.568],[-55.902,51.564],[-55.866,51.508],[-55.69,51.471],[-55.666,51.579],[-55.522,51.596],[-55.459,51.537]]]}},{"type":"Feature","properties":{},"geometry":{"type":"Polygon","coordinates":[[[-55.536,50.72],[-55.629,50.721],[-55.604,50.781],[-55.469,50.796],[-55.536,50.72]]]}},{"type":"Feature","properties":{},"geometry":{"type":"Polygon","coordinates":[[[-54.554,49.589],[-54.787,49.496],[-54.864,49.576],[-54.733,49.562],[-54.559,49.631],[-54.554,49.589]]]}},{"type":"Feature","properties":{},"geometry":{"type":"Polygon","coordinates":[[[-55.361,51.89],[-55.409,51.889],[-55.4,51.938],[-55.274,51.995],[-55.361,51.89]]]}},{"type":"Feature","properties":{},"geometry":{"type":"Polygon","coordinates":[[[-54.094,49.744],[-53.981,49.662],[-54.269,49.587],[-54.278,49.711],[-54.199,49.689],[-54.094,49.744]]]}},{"type":"Feature","properties":{},"geometry":{"type":"Polygon","coordinates":[[[-56.267,46.838],[-56.385,46.819],[-56.333,46.916],[-56.365,47.099],[-56.287,47.071],[-56.315,46.954],[-56.267,46.838]]]}},{"type":"Feature","properties":{},"geometry":{"type":"Polygon","coordinates":[[[-54.227,47.441],[-54.326,47.408],[-54.128,47.647],[-54.227,47.441]]]}},{"type":"Feature","properties":{},"geometry":{"type":"Polygon","coordinates":[[[-100.217,68.807],[-100.397,68.724],[-100.481,68.786],[-100.616,68.783],[-100.612,68.99],[-100.52,69.035],[-100.33,68.998],[-100.178,68.904],[-100.217,68.807]]]}},{"type":"Feature","properties":{},"geometry":{"type":"Polygon","coordinates":[[[-99.995,69.014],[-100.018,68.954],[-100.141,68.97],[-100.237,69.071],[-100.153,69.129],[-100.073,69.111],[-99.995,69.014]]]}},{"type":"Feature","properties":{},"geometry":{"type":"Polygon","coordinates":[[[-100.308,70.496],[-100.621,70.547],[-100.678,70.646],[-100.538,70.669],[-100.276,70.595],[-100.321,70.578],[-100.308,70.496]]]}},{"type":"Feature","properties":{},"geometry":{"type":"Polygon","coordinates":[[[-95.514,69.574],[-95.381,69.507],[-95.399,69.42],[-95.496,69.35],[-95.73,69.348],[-95.666,69.439],[-95.704,69.538],[-95.764,69.56],[-95.806,69.56],[-95.812,69.447],[-95.893,69.352],[-95.986,69.392],[-95.979,69.509],[-95.876,69.606],[-95.707,69.624],[-95.514,69.574]]]}},{"type":"Feature","properties":{},"geometry":{"type":"Polygon","coordinates":[[[-101.172,69.397],[-101.254,69.388],[-101.29,69.441],[-101.218,69.463],[-101.23,69.493],[-101.356,69.54],[-101.245,69.574],[-101.098,69.541],[-101.001,69.462],[-101.172,69.397]]]}},{"type":"Feature","properties":{},"geometry":{"type":"Polygon","coordinates":[[[-101.846,68.586],[-102.308,68.682],[-102.013,68.825],[-101.828,68.799],[-101.722,68.724],[-101.732,68.652],[-101.846,68.586]]]}},{"type":"Feature","properties":{},"geometry":{"type":"Polygon","coordinates":[[[-104.541,68.406],[-105.042,68.532],[-104.907,68.582],[-104.602,68.562],[-104.445,68.471],[-104.541,68.406]]]}},{"type":"Feature","properties":{},"geometry":{"type":"Polygon","coordinates":[[[-107.9,67.402],[-107.95,67.318],[-108.152,67.429],[-108.128,67.629],[-108.049,67.665],[-107.991,67.622],[-107.989,67.514],[-107.9,67.402]]]}},{"type":"Feature","properties":{},"geometry":{"type":"Polygon","coordinates":[[[-109.166,67.982],[-108.971,67.98],[-108.886,67.899],[-109.096,67.924],[-109.166,67.982]]]}},{"type":"Feature","properties":{},"geometry":{"type":"Polygon","coordinates":[[[-108.093,67.005],[-107.806,66.999],[-107.833,66.921],[-107.944,66.858],[-108.093,67.005]]]}},{"type":"Feature","properties":{},"geometry":{"type":"Polygon","coordinates":[[[-109.323,67.991],[-109.498,68.047],[-109.469,68.098],[-109.342,68.046],[-109.323,67.991]]]}},{"type":"Feature","properties":{},"geometry":{"type":"Polygon","coordinates":[[[-60.994,56.039],[-61.137,56.033],[-61.188,56.089],[-61.087,56.141],[-60.966,56.099],[-60.994,56.039]]]}},{"type":"Feature","properties":{},"geometry":{"type":"Polygon","coordinates":[[[-61.744,57.555],[-61.66,57.525],[-61.637,57.416],[-61.795,57.422],[-62.011,57.548],[-61.744,57.555]]]}},{"type":"Feature","properties":{},"geometry":{"type":"Polygon","coordinates":[[[-69.16,59.04],[-69.221,58.968],[-69.331,58.962],[-69.33,59.121],[-69.195,59.146],[-69.16,59.04]]]}},{"type":"Feature","properties":{},"geometry":{"type":"Polygon","coordinates":[[[-64.407,60.367],[-64.442,60.298],[-64.738,60.376],[-64.809,60.41],[-64.836,60.501],[-64.646,60.515],[-64.407,60.367]]]}},{"type":"Feature","properties":{},"geometry":{"type":"Polygon","coordinates":[[[-29.953,83.565],[-25.795,83.261],[-31.993,83.085],[-32.033,82.983],[-29.964,83.11],[-27.002,83.067],[-25.123,83.16],[-24.47,82.877],[-23.92,82.885],[-23.695,82.819],[-22.525,82.789],[-21.692,82.683],[-21.521,82.595],[-21.994,82.463],[-23.118,82.325],[-29.579,82.161],[-29.773,82.131],[-29.887,82.055],[-29.811,81.955],[-29.544,81.94],[-27.84,82.049],[-25.149,82.001],[-24.589,81.883],[-24.293,81.701],[-23.496,81.773],[-23.18,81.989],[-22.94,82.031],[-21.338,82.069],[-21.13,81.934],[-21.147,81.695],[-21.504,81.438],[-23.072,80.927],[-23.196,80.847],[-23.204,80.789],[-23.118,80.778],[-22.826,80.913],[-22.089,81.02],[-20.89,81.276],[-20.016,81.564],[-19.63,81.64],[-19.225,81.64],[-19.153,81.512],[-18.457,81.498],[-17.456,81.398],[-17.226,81.43],[-16.121,81.777],[-15.451,81.837],[-14.242,81.814],[-12.434,81.683],[-11.426,81.481],[-11.529,81.424],[-12.231,81.309],[-13.126,81.088],[-14.452,80.993],[-14.49,80.973],[-14.229,80.87],[-14.24,80.832],[-14.504,80.763],[-15.194,80.721],[-15.543,80.65],[-16.319,80.65],[-16.761,80.573],[-16.588,80.511],[-15.937,80.428],[-15.933,80.395],[-16.489,80.252],[-17.011,80.19],[-18.071,80.172],[-19.429,80.258],[-19.867,80.145],[-20.15,80.011],[-20.197,79.938],[-20.181,79.858],[-20.069,79.774],[-19.353,79.734],[-19.284,79.683],[-19.399,79.488],[-19.414,79.349],[-19.152,79.325],[-19.011,79.251],[-18.992,79.178],[-19.723,79.065],[-19.887,78.911],[-20.05,78.842],[-20.616,78.804],[-21.134,78.659],[-20.947,78.596],[-20.956,78.555],[-21.195,78.38],[-21.397,78.074],[-21.748,77.791],[-21.73,77.709],[-21.579,77.651],[-21.38,77.698],[-21.132,77.847],[-20.863,77.912],[-19.49,77.719],[-19.296,77.585],[-19.524,77.572],[-20.162,77.69],[-20.681,77.619],[-20.464,77.447],[-20.232,77.368],[-19.3,77.222],[-18.903,77.28],[-18.443,77.259],[-18.339,77.215],[-18.292,77.133],[-18.337,76.921],[-18.51,76.778],[-18.606,76.763],[-20.064,76.928],[-20.942,76.887],[-20.96,76.843],[-21.615,76.688],[-22.185,76.794],[-22.334,76.794],[-22.609,76.704],[-22.379,76.612],[-21.877,76.573],[-21.758,76.401],[-21.488,76.272],[-20.887,76.304],[-20.104,76.219],[-19.863,76.121],[-19.958,75.997],[-19.509,75.758],[-19.4,75.494],[-19.375,75.298],[-19.526,75.18],[-19.798,75.157],[-20.199,75.308],[-20.485,75.314],[-20.906,75.157],[-21.247,75.133],[-21.649,75.023],[-22.233,75.12],[-21.695,74.964],[-20.986,75.074],[-20.786,74.892],[-20.795,74.806],[-21.038,74.67],[-20.862,74.636],[-20.611,74.728],[-20.417,74.975],[-20.214,75.019],[-19.985,74.975],[-19.538,74.625],[-19.287,74.546],[-19.225,74.479],[-19.272,74.343],[-19.369,74.284],[-19.646,74.258],[-20.256,74.283],[-20.231,74.205],[-21.129,74.111],[-21.955,74.244],[-21.762,74.483],[-21.983,74.567],[-21.92,74.439],[-21.973,74.39],[-22.322,74.303],[-22.196,74.206],[-22.329,74.091],[-22.135,73.99],[-21.022,73.941],[-20.367,73.848],[-20.338,73.82],[-20.51,73.493],[-20.637,73.464],[-21.548,73.432],[-22.185,73.27],[-22.347,73.269],[-23.233,73.398],[-23.761,73.543],[-24.158,73.764],[-24.451,73.629],[-24.677,73.602],[-25.521,73.852],[-24.778,73.54],[-25.311,73.431],[-25.665,73.293],[-26.062,73.253],[-27.27,73.436],[-27.169,73.374],[-26.542,73.249],[-26.729,73.171],[-27.562,73.138],[-27.348,73.068],[-27.19,73.132],[-26.753,73.121],[-25.399,73.276],[-25.268,73.362],[-25.057,73.396],[-24.133,73.409],[-23.899,73.398],[-23.244,73.193],[-22.996,73.172],[-22.852,73.084],[-22.036,72.918],[-22.007,72.635],[-22.075,72.399],[-22.28,72.345],[-22.239,72.22],[-22.293,72.12],[-24.069,72.499],[-24.359,72.687],[-24.63,73.038],[-24.992,73.013],[-25.256,72.924],[-26.658,72.716],[-26.392,72.673],[-24.813,72.902],[-24.65,72.583],[-24.701,72.506],[-25.204,72.393],[-25.118,72.347],[-24.572,72.42],[-23.587,72.14],[-22.497,71.914],[-22.37,71.77],[-21.96,71.745],[-22.503,71.5],[-22.48,71.383],[-22.418,71.249],[-22.299,71.432],[-21.961,71.508],[-21.752,71.478],[-21.671,71.206],[-21.675,70.856],[-21.523,70.526],[-21.626,70.469],[-21.944,70.443],[-22.384,70.462],[-22.437,70.86],[-22.526,70.808],[-22.61,70.493],[-22.691,70.437],[-23.328,70.451],[-23.792,70.555],[-23.971,70.649],[-24.229,70.923],[-24.266,71.046],[-24.562,71.224],[-25.885,71.572],[-27.087,71.627],[-27.162,71.602],[-27.107,71.533],[-25.843,71.48],[-25.699,71.368],[-25.668,71.265],[-25.742,71.184],[-26.014,71.093],[-26.718,70.95],[-28.398,70.993],[-27.992,70.895],[-27.979,70.84],[-28.146,70.656],[-29.072,70.445],[-28.541,70.477],[-28.015,70.402],[-27.596,70.407],[-26.747,70.476],[-26.508,70.397],[-27.328,70.217],[-27.561,70.124],[-27.629,70.028],[-27.384,69.992],[-27.028,70.201],[-26.156,70.246],[-25.53,70.353],[-24.749,70.295],[-23.667,70.139],[-22.207,70.108],[-22.435,69.986],[-23.088,69.883],[-23.015,69.805],[-23.05,69.793],[-23.866,69.737],[-23.709,69.627],[-23.739,69.589],[-24.297,69.586],[-24.221,69.479],[-24.296,69.439],[-24.867,69.293],[-25.189,69.261],[-25.08,69.192],[-25.272,69.092],[-25.544,69.046],[-25.698,68.89],[-26.483,68.676],[-29.25,68.299],[-29.869,68.312],[-30.196,68.199],[-30.72,68.251],[-30.606,68.162],[-30.611,68.118],[-30.979,68.061],[-31.419,68.128],[-32.327,68.437],[-32.18,68.257],[-32.355,68.225],[-32.156,68.063],[-32.165,67.991],[-32.37,67.883],[-33.108,67.658],[-33.349,67.443],[-33.504,67.377],[-33.528,67.258],[-34.102,66.726],[-34.269,66.625],[-34.423,66.63],[-34.633,66.435],[-35.189,66.25],[-35.412,66.262],[-35.867,66.441],[-35.63,66.14],[-36.379,65.831],[-36.389,65.96],[-36.527,66.008],[-36.665,65.79],[-36.932,65.783],[-37.063,65.871],[-37.316,65.79],[-37.41,65.656],[-37.754,65.593],[-37.955,65.634],[-38.001,65.71],[-37.797,65.857],[-37.827,65.91],[-37.788,65.978],[-37.279,66.304],[-37.814,66.385],[-38.157,66.386],[-37.752,66.262],[-37.969,66.141],[-38.14,65.904],[-38.52,66.01],[-38.443,65.922],[-38.216,65.838],[-38.203,65.712],[-38.637,65.624],[-40.174,65.556],[-40.192,65.523],[-39.578,65.341],[-39.937,65.142],[-40.253,65.049],[-40.668,65.109],[-41.084,65.101],[-41.089,65.035],[-40.966,64.869],[-40.655,64.915],[-40.182,64.48],[-40.478,64.344],[-40.699,64.33],[-40.686,64.267],[-40.782,64.222],[-41.581,64.298],[-41.031,64.121],[-40.826,64.163],[-40.618,64.132],[-40.652,63.928],[-40.55,63.725],[-40.772,63.626],[-40.775,63.534],[-41.049,63.514],[-41.056,63.412],[-41.152,63.349],[-41.108,63.274],[-41.388,63.062],[-41.844,63.07],[-42.175,63.209],[-42.094,63.117],[-41.634,62.972],[-41.644,62.916],[-41.909,62.737],[-42.058,62.694],[-42.942,62.72],[-42.674,62.638],[-42.153,62.568],[-42.243,62.466],[-42.198,62.397],[-42.321,62.153],[-42.143,62.014],[-42.11,61.857],[-42.25,61.771],[-42.585,61.717],[-42.324,61.682],[-42.646,61.064],[-42.717,60.767],[-43.044,60.524],[-43.923,60.595],[-43.94,60.567],[-43.831,60.522],[-43.296,60.445],[-43.213,60.391],[-43.156,60.333],[-43.123,60.061],[-43.32,59.928],[-43.617,59.937],[-43.955,60.025],[-43.658,59.859],[-43.907,59.815],[-44.117,59.832],[-44.065,59.925],[-44.269,59.893],[-44.413,59.923],[-44.453,60.015],[-44.231,60.18],[-44.176,60.244],[-44.224,60.274],[-44.533,60.029],[-44.613,60.017],[-45.379,60.203],[-45.368,60.373],[-44.975,60.457],[-44.742,60.655],[-45.083,60.507],[-45.381,60.445],[-46.047,60.616],[-46.142,60.777],[-45.88,61.094],[-45.87,61.218],[-45.942,61.206],[-46.012,61.097],[-46.582,60.962],[-46.874,60.816],[-47.224,60.783],[-47.579,60.847],[-47.796,60.829],[-47.73,60.729],[-48.014,60.722],[-48.242,60.807],[-48.205,60.856],[-47.77,60.998],[-48.386,61.005],[-48.378,61.138],[-48.495,61.225],[-48.922,61.277],[-49.049,61.524],[-49.289,61.59],[-49.193,61.686],[-49.311,61.748],[-49.38,61.89],[-49.04,62.039],[-48.829,62.08],[-49.12,62.113],[-49.349,62.01],[-49.624,61.999],[-49.664,62.017],[-49.668,62.151],[-49.553,62.233],[-50.319,62.473],[-50.259,62.578],[-50.256,62.68],[-50.299,62.722],[-50.076,62.904],[-49.793,63.045],[-50.092,62.977],[-50.39,62.822],[-50.502,62.945],[-50.744,63.051],[-51.013,63.258],[-51.469,63.642],[-51.538,63.758],[-51.451,63.905],[-51.548,64.006],[-50.342,64.17],[-50.261,64.214],[-50.487,64.209],[-50.437,64.313],[-50.721,64.223],[-51.487,64.103],[-51.682,64.165],[-51.708,64.205],[-51.404,64.463],[-51.232,64.561],[-50.835,64.559],[-50.858,64.617],[-50.492,64.693],[-50.355,64.683],[-50.158,64.49],[-50.009,64.447],[-50.122,64.704],[-50.299,64.779],[-50.517,64.767],[-50.961,65.201],[-50.722,64.798],[-50.78,64.746],[-51.221,64.628],[-51.139,64.786],[-51.255,64.758],[-51.364,64.702],[-51.47,64.552],[-51.835,64.232],[-51.999,64.257],[-52.063,64.346],[-52.089,64.682],[-52.259,65.155],[-52.448,65.205],[-52.538,65.329],[-52.18,65.442],[-51.619,65.713],[-51.09,65.751],[-51.394,65.779],[-51.723,65.723],[-52.348,65.461],[-52.551,65.461],[-52.761,65.591],[-53.199,65.594],[-53.234,65.771],[-53.106,65.977],[-53.244,65.979],[-53.392,66.048],[-53.357,66.073],[-52.056,66.507],[-51.891,66.623],[-51.517,66.732],[-51.225,66.882],[-51.823,66.698],[-53.036,66.201],[-53.615,66.154],[-53.635,66.414],[-53.419,66.649],[-53.115,66.754],[-53.038,66.827],[-52.387,66.881],[-53.444,66.925],[-53.687,66.986],[-53.884,67.136],[-53.799,67.418],[-52.97,67.687],[-52.512,67.761],[-51.909,67.664],[-51.181,67.637],[-50.705,67.509],[-50.613,67.528],[-51.171,67.694],[-51.168,67.734],[-50.887,67.784],[-50.969,67.807],[-51.765,67.738],[-52.345,67.837],[-52.98,67.758],[-53.419,67.575],[-53.735,67.549],[-53.578,67.837],[-53.353,67.971],[-53.152,68.208],[-51.597,68.055],[-51.456,68.116],[-51.415,68.198],[-51.169,68.385],[-51.21,68.42],[-51.456,68.394],[-51.632,68.273],[-52.199,68.221],[-52.698,68.262],[-52.78,68.31],[-53.383,68.297],[-53.039,68.611],[-52.605,68.709],[-52.303,68.701],[-51.623,68.535],[-51.133,68.598],[-50.946,68.683],[-50.801,68.791],[-51.249,68.74],[-51.085,69.128],[-50.297,69.171],[-50.537,69.248],[-51.077,69.209],[-50.892,69.412],[-50.804,69.663],[-50.72,69.725],[-50.349,69.796],[-50.5,69.936],[-50.292,70.014],[-50.802,70.003],[-51.106,70.057],[-51.499,69.987],[-52.255,70.059],[-53.023,70.302],[-54.014,70.422],[-54.501,70.657],[-54.531,70.699],[-54.438,70.752],[-54.166,70.82],[-52.802,70.751],[-52.405,70.687],[-51.524,70.439],[-50.947,70.364],[-50.682,70.397],[-51.323,70.589],[-51.34,70.688],[-51.257,70.853],[-51.753,70.992],[-51.03,70.986],[-51.377,71.119],[-52.061,71.122],[-52.535,71.2],[-53.008,71.18],[-53.117,71.313],[-52.892,71.458],[-51.967,71.599],[-51.77,71.672],[-52.196,71.63],[-52.656,71.672],[-53.168,71.536],[-53.44,71.579],[-53.476,71.64],[-53.25,71.71],[-53.145,71.807],[-53.334,71.79],[-53.42,72],[-53.693,72.16],[-53.81,72.293],[-53.672,72.351],[-53.928,72.319],[-53.793,72.134],[-53.514,71.976],[-53.462,71.894],[-53.78,71.679],[-54.02,71.658],[-53.912,71.526],[-53.963,71.459],[-54.689,71.367],[-55.336,71.427],[-55.594,71.554],[-55.669,71.692],[-55.549,71.768],[-55.316,72.111],[-54.84,72.356],[-54.896,72.394],[-55.32,72.2],[-55.581,72.179],[-55.659,72.223],[-55.636,72.3],[-55.296,72.354],[-55.602,72.453],[-55.457,72.503],[-55.122,72.5],[-54.925,72.572],[-54.74,72.7],[-54.738,72.873],[-54.866,72.967],[-55.073,73.015],[-55.289,72.933],[-55.669,73.008],[-55.693,73.113],[-55.359,73.203],[-55.288,73.327],[-55.446,73.46],[-55.739,73.384],[-55.876,73.505],[-56.104,73.558],[-55.968,73.76],[-55.838,73.76],[-55.929,73.895],[-56.225,74.129],[-56.493,74.182],[-57.231,74.125],[-56.706,74.219],[-56.639,74.278],[-56.654,74.378],[-56.718,74.429],[-56.255,74.527],[-56.871,74.695],[-57.191,74.894],[-57.813,75.04],[-58.253,75.279],[-58.566,75.353],[-58.603,75.385],[-58.25,75.507],[-58.516,75.689],[-61.188,76.158],[-62.743,76.252],[-63.291,76.352],[-63.843,76.217],[-63.96,76.209],[-64.307,76.317],[-64.912,76.173],[-65.37,76.131],[-65.954,76.242],[-66.466,76.139],[-66.874,76.218],[-67.079,76.195],[-66.675,75.977],[-66.826,75.969],[-68.149,76.067],[-68.763,76.187],[-69.373,76.332],[-69.484,76.399],[-68.865,76.561],[-68.114,76.651],[-69.252,76.686],[-69.674,76.736],[-69.888,76.827],[-69.712,76.969],[-70.441,76.807],[-70.613,76.822],[-70.793,76.869],[-70.735,76.929],[-71.015,76.985],[-71.141,77.029],[-71.155,77.074],[-70.863,77.175],[-70.604,77.194],[-69.657,77.229],[-68.978,77.195],[-68.592,77.343],[-68.136,77.38],[-66.938,77.364],[-66.389,77.28],[-66.453,77.393],[-66.266,77.515],[-66.445,77.616],[-66.824,77.687],[-67.688,77.524],[-68.137,77.53],[-68.622,77.602],[-68.975,77.493],[-69.351,77.467],[-69.977,77.548],[-70.118,77.583],[-70.126,77.638],[-70.562,77.717],[-70.081,77.831],[-70.114,77.841],[-70.729,77.793],[-71.272,77.813],[-72.159,77.957],[-72.818,78.194],[-72.581,78.279],[-72.715,78.362],[-72.473,78.482],[-71.651,78.623],[-70.906,78.638],[-69.974,78.778],[-68.993,78.857],[-68.93,78.867],[-69.012,78.923],[-68.83,78.98],[-68.377,79.038],[-67.355,79.123],[-66.075,79.118],[-65.826,79.174],[-65.288,79.437],[-64.792,80.001],[-64.179,80.099],[-64.44,80.142],[-65.81,80.024],[-66.844,80.076],[-67.141,80.166],[-67.201,80.222],[-67.193,80.28],[-66.996,80.413],[-66.61,80.53],[-65.645,80.685],[-64.516,81],[-63.722,81.057],[-63.059,80.886],[-63.029,80.89],[-63.235,81.083],[-63.212,81.143],[-62.993,81.207],[-61.436,81.134],[-61.162,81.281],[-61.1,81.396],[-61.236,81.695],[-61.203,81.747],[-60.432,81.92],[-59.282,81.884],[-56.615,81.363],[-56.86,81.46],[-57.853,81.662],[-58.817,81.92],[-59.268,81.982],[-58.717,82.093],[-56.589,82.227],[-55.549,82.246],[-55.344,82.3],[-54.549,82.351],[-53.987,82.279],[-53.671,82.164],[-53.582,82.062],[-53.596,81.738],[-53.556,81.653],[-53.041,81.871],[-52.926,82.038],[-53.102,82.119],[-53.111,82.251],[-53.023,82.322],[-52.776,82.322],[-50.894,81.895],[-49.541,81.918],[-50.713,82.237],[-50.99,82.46],[-50.037,82.472],[-48.861,82.405],[-46.617,82.097],[-45.291,81.829],[-44.729,81.78],[-44.532,81.849],[-44.637,82.104],[-44.547,82.26],[-44.239,82.368],[-44.327,82.472],[-45.552,82.725],[-45.067,82.785],[-42.651,82.741],[-41.876,82.68],[-41.357,82.705],[-41.37,82.75],[-44.762,82.884],[-46.137,82.859],[-46.478,82.952],[-46.169,83.064],[-45.415,83.018],[-44.657,83.129],[-43.009,83.265],[-42.26,83.232],[-41.3,83.101],[-40.357,83.332],[-38.931,83.175],[-38.156,82.999],[-38.037,83.046],[-37.935,83.161],[-38.54,83.258],[-38.748,83.333],[-38.75,83.371],[-38.541,83.415],[-38.071,83.412],[-37.723,83.498],[-36.804,83.466],[-36.606,83.537],[-34.668,83.571],[-33.837,83.53],[-32.984,83.6],[-29.953,83.565]]]}},{"type":"Feature","properties":{},"geometry":{"type":"Polygon","coordinates":[[[-85.871,16.462],[-85.947,16.404],[-85.924,16.483],[-85.834,16.511],[-85.871,16.462]]]}},{"type":"Feature","properties":{},"geometry":{"type":"Polygon","coordinates":[[[-169.755,56.635],[-169.486,56.618],[-169.587,56.542],[-169.755,56.635]]]}},{"type":"Feature","properties":{},"geometry":{"type":"Polygon","coordinates":[[[-72.664,20.038],[-72.639,19.986],[-72.96,20.062],[-72.791,20.092],[-72.664,20.038]]]}},{"type":"Feature","properties":{},"geometry":{"type":"Polygon","coordinates":[[[-166.11,66.227],[-166.149,66.222],[-165.822,66.328],[-166.11,66.227]]]}},{"type":"Feature","properties":{},"geometry":{"type":"Polygon","coordinates":[[[-86.714,21.239],[-86.696,21.191],[-86.753,21.279],[-86.714,21.239]]]}},{"type":"Feature","properties":{},"geometry":{"type":"Polygon","coordinates":[[[-81.784,24.545],[-81.811,24.558],[-81.74,24.554],[-81.784,24.545]]]}}]}